Date,Bus,ID,Duration,Start Time,End Time,Air Compressor Energy [kWh],Rear HVAC Energy [kWh],LV Access. Energy [kWh],Electric Heater Energy [kWh],Traction Energy [kWh],Energy Used [kWh],Mileage [miles],Average Speed [mph],SOC Start [%],SOC End [%],Regen Energy [kWh],Net Energy Consumption [kWh/mile],Average Power Consumption [kW],Average Temperature [Â°F]
2023-11-01,26003,1,07:36:19,05:56 AM,01:33 PM,2.75,0.0,17.1,76.7,26.8,123.3,23.14482700799817,3.043258600708332,88.8,62.8,23.5,5.327324328559083,16.21242558165017,43.35495392432583
2023-11-01,26003,2,04:39:27,02:27 PM,07:06 PM,4.15,0.0,9.25,30.95,48.50000000000001,92.6,48.31283799200173,10.37312678303848,61.6,39.6,38.9,1.916674818716509,19.88191089640365,46.46058080119442
2023-11-01,26005,1,09:53:02,06:38 AM,04:31 PM,7.3,0.0,22.05,56.8,88.80000000000001,173.2,75.33999100800065,7.622504851576706,90.8,52.8,82.6,2.298911875123627,17.52346692147715,44.95908637458311
2023-11-01,26006,1,05:09:35,06:54 AM,12:04 PM,4.899999999999999,0.0,11.5,44.7,43.8,105.0,39.45705850000013,7.647128430686432,80.0,57.2,34.7,2.661120823286907,20.34993270524899,42.62565051976914
2023-11-01,26006,2,01:46:33,12:22 PM,02:09 PM,1.75,0.0,3.499999999999998,7.699999999999996,15.1,28.30000000000001,13.82550474999971,7.785361661191764,56.8,50.0,12.9,2.046941541139799,15.93618019709057,47.88205630578721
2023-11-01,26006,3,04:04:15,03:03 PM,07:08 PM,3.35,0.0,7.95,23.55,43.3,78.2,42.79692762500054,10.5130630808599,53.2,34.0,31.6,1.82723397074696,19.20982599795292,46.15604117932838
2023-11-01,26008,1,07:20:16,07:04 AM,02:24 PM,5.9,0.0,14.45,45.0,53.7,118.6,52.66119224999966,7.17672214188366,88.4,62.4,48.5,2.252132831269136,16.16293155663234,44.31548525282354
2023-11-01,26009,1,04:10:17,06:48 AM,10:58 AM,2.65,0.0,10.4,34.35,49.2,94.89999999999999,50.17570825000075,12.02853763734452,89.6,69.6,39.8,1.89135347182665,22.75021642138909,41.73209604339609
2023-11-01,26009,2,01:21:25,11:51 AM,01:13 PM,0.8999999999999999,0.0,2.899999999999999,3.200000000000003,12.99999999999999,19.60000000000001,14.75756125000044,10.87558249744147,69.2,64.8,11.1,1.328132722471298,14.44421699078813,47.3733170974545
2023-11-01,26009,3,02:09:40,02:04 PM,04:14 PM,2.1,0.0,4.2,0.0,23.3,28.7,20.34990024999934,9.416406285346737,76.8,70.8,22.7,1.410326323344063,13.28020565552699,48.19778461749726
2023-11-01,26010,1,04:23:21,07:46 AM,12:10 PM,3.65,0.0,14.4,32.2,41.0,93.8,34.40841912499945,7.839396800835265,90.0,70.4,39.7,2.726077000493451,21.37079931649895,43.10155130103508
2023-11-01,26010,2,03:45:09,03:26 PM,07:11 PM,3.5,0.0,11.6,19.85,37.0,73.6,30.75786450000032,8.196632778147988,89.2,73.6,37.5,2.392883940300837,19.61359093937375,45.8804802055357
2023-11-01,26011,1,04:08:16,06:50 AM,10:58 AM,3.85,0.0,8.95,36.6,42.49999999999999,92.5,42.25322799999958,10.21157497314705,89.6,70.0,36.6,2.189181853750935,22.35499462943072,41.74823391360631
2023-11-01,26011,2,02:29:46,11:53 AM,02:23 PM,1.8,0.0,5.100000000000001,8.4,19.3,35.3,20.81592850000015,8.339343712441638,70.0,62.0,17.9,1.69581673957036,14.14199866458936,47.76740011215203
2023-11-01,26013,1,07:12:14,01:51 PM,09:03 PM,6.149999999999999,0.0,15.0,39.85,88.89999999999999,145.4,60.11888699200063,8.345337902799502,87.2,46.0,68.2,2.418541115362745,20.18354283951569,44.95590729525331
2023-11-01,26014,1,02:17:42,08:04 AM,10:22 AM,2.35,0.0,8.75,0.0,27.6,41.0,22.60237012499965,9.848527287581549,88.4,77.6,20.4,1.813969056043879,17.86492374727669,41.78469555066987
2023-11-01,26014,2,06:55:07,12:06 PM,07:01 PM,5.65,0.0,18.1,0.0,84.8,110.5,78.05973187500058,11.282572559923,76.4,44.8,61.2,1.415582623021906,15.97141365881078,46.99052189536721
2023-11-01,26016,1,05:40:12,06:59 AM,12:39 PM,3.55,0.0,12.35,56.49999999999999,68.6,137.1,62.21477137500005,10.97262281746033,88.0,57.6,52.0,2.203656735691089,24.17989417989418,43.1280593501353
2023-11-01,26016,2,02:11:41,01:48 PM,04:00 PM,0.7999999999999999,0.0,3.899999999999999,10.6,13.9,28.8,13.5924906249993,6.19326240349291,53.6,46.8,9.6,2.11881698465409,13.12238957094039,48.27527265548697
2023-11-01,26016,3,00:15:34,06:37 PM,06:53 PM,0.25,0.0,0.55,5.149999999999999,6.200000000000001,11.8,3.728226000000177,14.37003597430475,86.4,83.6,2.6,3.165044179188557,45.48179871520342,43.71285737582615
2023-11-01,26016,4,03:11:59,07:02 PM,10:14 PM,2.4,0.0,7.149999999999999,39.05,19.0,66.7,18.79647275000025,5.874407665596049,83.6,69.2,17.4,3.5485381160143,20.84555951037417,39.48209376931197
2023-11-02,26003,1,07:41:56,06:02 AM,01:44 PM,2.6,0.0,22.9,74.65,26.09999999999999,127.5,23.22311975399862,3.016424848982358,81.6,53.6,21.6,5.490218426748918,16.56083128878626,37.51688261757751
2023-11-02,26005,1,05:16:04,06:36 AM,11:52 AM,5.0,0.0,10.55,47.0,62.4,121.3,49.47728724599983,9.392440101539728,90.8,62.8,56.9,2.451629965016057,23.02678759755326,35.1098725759301
2023-11-02,26005,2,02:31:37,12:17 PM,02:49 PM,1.8,0.0,4.55,8.45,19.5,33.7,17.39838799999961,6.885148598438892,62.0,54.4,20.4,1.936961056392164,13.33626470264923,47.84459051093779
2023-11-02,26006,1,05:17:38,06:45 AM,12:03 PM,4.9,0.0,14.0,51.0,49.5,119.3,40.31144362499981,7.614712826634449,81.6,54.4,38.5,2.959457396509961,22.53541819708259,35.66677598863009
2023-11-02,26006,2,01:39:31,12:28 PM,02:08 PM,1.55,0.0,4.450000000000003,5.350000000000001,14.8,26.40000000000001,13.28180512499966,8.007787380673053,54.4,48.0,12.6,1.987681625467357,15.9169318372132,47.69114007759085
2023-11-02,26006,3,03:56:13,03:11 PM,07:07 PM,3.15,0.0,9.1,21.15,40.6,72.5,41.55418562500017,10.55493320045161,70.0,53.2,30.4,1.74470992294894,18.41529669089113,46.54888134123914
2023-11-02,26008,1,09:14:51,07:03 AM,04:18 PM,7.850000000000001,0.0,18.5,56.95,67.79999999999998,153.4,68.27375999600008,7.382942416436883,87.2,52.8,60.4,2.24683685223997,16.588267099216,41.67114280611025
2023-11-02,26008,2,01:39:32,04:51 PM,06:30 PM,1.0,0.0,2.95,7.15,15.1,25.6,17.86317350799982,10.76815549711978,63.2,57.2,12.1,1.433116013150481,15.43201607501674,45.87619973564152
2023-11-02,26009,1,03:07:57,06:48 AM,09:56 AM,2.25,0.0,8.700000000000001,40.7,41.3,91.10000000000001,38.13602375399932,12.17430925905805,91.2,71.6,25.8,2.388817475771746,29.08220271348763,31.21632975390619
2023-11-02,26009,2,00:55:17,10:06 AM,11:02 AM,0.6,0.0,2.15,5.55,11.2,19.2,12.03844175400081,13.06553823165599,68.8,64.8,8.600000000000001,1.594890800017298,20.83810672294242,40.59049985408779
2023-11-02,26009,3,01:08:22,12:00 PM,01:09 PM,0.8500000000000001,0.0,2.399999999999999,0.0,12.6,15.6,14.98374029400111,13.15004023851877,64.0,60.4,11.8,1.041128562956048,13.69088249634325,46.60165223660668
2023-11-02,26009,4,03:39:07,03:42 PM,07:21 PM,3.3,0.0,8.350000000000001,18.85,27.7,57.2,31.30218549599886,8.57137505024689,90.0,78.0,28.3,1.827348445280649,15.662888871986,45.78010960017176
2023-11-02,26010,1,04:23:21,07:57 AM,12:20 PM,4.45,0.0,12.95,22.1,44.2,86.0,35.34047562500018,8.051750664514945,78.8,60.0,43.0,2.433470361648523,19.59369660148092,38.26331553948718
2023-11-02,26010,2,03:57:13,01:31 PM,05:29 PM,3.0,0.0,7.0,13.05,41.5,64.9,41.55418562500017,10.51043829480789,87.2,73.2,39.8,1.561816193094982,16.41537272535657,48.72397455143044
2023-11-02,26011,1,04:09:16,06:50 AM,10:59 AM,3.75,0.0,9.549999999999999,44.8,43.9,103.7,42.33089937499972,10.18930447646423,90.4,68.4,36.9,2.449747147617761,24.96121957742712,33.48100799668231
2023-11-02,26011,2,02:18:43,12:06 PM,02:25 PM,1.45,0.0,3.7,2.4,17.0,24.3,18.64112999999998,8.062966238135278,67.6,62.0,15.9,1.303569043292978,10.51063318514959,47.57078258680243
2023-11-02,26013,1,04:46:29,01:44 PM,06:31 PM,4.35,0.0,9.55,28.75,60.3,99.0,40.38911499999995,8.458945488393729,89.2,66.8,50.2,2.451155466020984,20.73419047064983,47.87461523276117
2023-11-02,26013,2,02:06:40,06:57 PM,09:04 PM,1.95,0.0,4.350000000000001,17.2,27.8,50.90000000000001,19.80557925399989,9.381590172947318,66.0,54.0,22.7,2.569982899627656,24.11052631578947,39.01489753047323
2023-11-02,26014,1,10:46:18,08:05 AM,06:52 PM,8.2,0.0,29.95,0.0,117.9,158.9,101.5164871249999,9.424399237969975,89.2,51.6,86.1,1.565262988309892,14.75166331425035,43.95300615115173
2023-11-02,26016,1,05:34:06,06:59 AM,12:33 PM,3.55,0.0,12.85,56.35,71.8,143.1,62.21477137499915,11.17296103711448,82.4,50.4,50.3,2.300096855415021,25.69889254714157,36.94148790951254
2023-11-02,26016,2,01:25:26,01:40 PM,03:05 PM,1.0,0.0,2.75,6.35,15.1,24.6,13.43714787500085,9.43693569059755,45.6,39.6,10.3,1.830745648469575,17.27662895044869,48.75799957763324
2023-11-03,26003,1,07:51:24,05:59 AM,01:50 PM,2.75,0.0,20.05,73.25,26.4,125.3,22.52469875000133,2.866953595672635,86.4,59.6,21.3,5.562782498922104,15.94823928722953,42.1220127914621
2023-11-03,26005,1,07:46:23,06:37 AM,02:23 PM,7.0,0.0,19.55,52.55,80.9,160.2,66.87567524599945,8.60352467160769,90.4,55.2,76.0,2.395489831103923,20.60965586248794,44.0793161731956
2023-11-03,26006,1,05:22:41,06:46 AM,12:08 PM,4.95,0.0,14.45,55.4,47.8,122.5,40.85514324999986,7.596638381281933,88.4,62.0,38.3,2.998398494172467,22.77774908320852,39.94113046469737
2023-11-03,26006,2,03:39:08,12:26 PM,04:06 PM,3.45,0.0,6.300000000000001,7.600000000000009,32.30000000000001,48.90000000000001,29.74813662500037,8.145215382567793,62.0,50.8,29.5,1.643800437534107,13.38910860967448,56.14580827216568
2023-11-03,26008,1,09:08:49,07:04 AM,04:13 PM,7.950000000000001,0.0,17.55,49.6,69.10000000000001,143.7,69.04923100399901,7.548884922542331,82.4,50.4,62.8,2.081123828760346,15.71016429287254,47.38545888567675
2023-11-03,26009,1,04:04:15,06:47 AM,10:51 AM,2.7,0.0,11.0,47.15,50.3,109.0,49.94331549600065,12.26857289563987,90.8,67.6,33.3,2.182474249406379,26.77584442169908,36.73355733865839
2023-11-03,26009,2,01:40:32,11:53 AM,01:33 PM,0.9000000000000004,0.0,3.550000000000001,0.25,12.8,17.10000000000001,14.60221850000016,8.714851889920523,66.8,63.2,11.09999999999999,1.171054932509044,10.20557029177719,53.85128699954203
2023-11-03,26009,3,05:27:45,03:56 PM,09:24 PM,4.8,0.0,11.9,25.6,42.5,83.2,47.06761050800014,8.616496202837554,93.2,75.6,47.7,1.767669934845288,15.23112128146453,50.22227506200084
2023-11-03,26010,1,04:18:19,07:49 AM,12:08 PM,3.65,0.0,13.95,40.55,41.4,101.7,34.9521187499995,8.118435221627086,88.8,66.8,36.9,2.909694852189797,23.62216917220466,42.12806979814579
2023-11-03,26010,2,03:46:09,03:26 PM,07:12 PM,3.2,0.0,9.700000000000001,12.8,34.1,60.4,30.68019312500019,8.1397815056379,90.0,77.2,35.4,1.968696864257423,16.0247623258899,53.96406176491111
2023-11-03,26011,1,04:17:18,06:39 AM,10:57 AM,3.55,0.0,10.15,49.3,43.60000000000001,108.6,42.25322800000049,9.85306521570163,90.8,67.6,35.3,2.570217830457799,25.32452390205986,36.81853693967484
2023-11-03,26011,2,02:27:45,11:53 AM,02:21 PM,1.85,0.05,4.8,2.9,20.2,29.2,20.66058574999988,8.390085583756298,67.2,60.4,19.7,1.413319077848515,11.85786802030457,54.64862163646806
2023-11-03,26011,3,04:06:16,03:07 PM,07:13 PM,2.95,0.0,7.35,10.85,39.9,61.1,41.47651425000004,10.10526876691934,60.4,45.6,30.1,1.473122828782555,14.88630211153221,54.16656078245574
2023-11-03,26013,1,00:43:14,12:10 PM,12:53 PM,0.55,0.0,1.3,0.0,18.4,21.8,11.72899899600088,16.27771641696345,90.0,85.2,9.2,1.858641134459379,30.254433307633,53.12913600314747
2023-11-03,26013,2,07:52:26,01:10 PM,09:02 PM,4.7,0.0,13.55,26.2,73.69999999999999,113.3,53.05017049599883,6.737480201283983,85.2,58.4,59.9,2.135714153992123,14.3893318281239,52.7561782612163
2023-11-03,26014,1,11:03:24,07:37 AM,06:40 PM,9.05,0.0,30.05,0.0,125.0,170.4,102.9922432499998,9.314945123605648,86.0,38.0,89.6,1.654493529055164,15.4115164305095,49.68969743600336
2023-11-03,26016,1,05:39:44,06:57 AM,12:37 PM,3.35,0.0,12.65,48.5,71.69999999999999,135.1,64.38956987499932,11.37178431858308,89.2,59.6,50.4,2.0981659026807,23.85989010989011,41.32633627239031
2023-11-03,26016,2,01:23:25,01:47 PM,03:11 PM,0.95,0.0,2.3,2.55,17.1,21.3,15.84496049999962,11.39697458541431,55.2,50.0,12.9,1.34427599235735,15.32067932067932,56.96342879704058
2023-11-03,26016,3,05:23:39,06:35 PM,11:58 PM,5.6,0.0,12.65,29.25,52.7,96.4,52.73886362499979,9.777017820176077,87.2,66.4,42.7,1.827874045323637,17.87115711416654,44.47249531288247
2023-11-04,26008,1,08:20:34,08:54 AM,05:15 PM,5.9,0.0,17.4,27.0,101.0,152.2,86.52591175000089,10.37135520743168,86.4,52.4,75.2,1.759010646888658,18.24332423253646,53.00776740496555
2023-11-04,26014,1,08:57:44,08:48 AM,05:45 PM,9.7,0.0,27.55,0.0,134.1,171.7,103.4582714999997,11.54381903669721,90.8,46.0,90.6,1.659606308036961,19.15819489213985,53.07299615073597
2023-11-05,26009,1,07:06:15,04:52 PM,11:59 PM,4.45,0.0,15.6,34.3,45.0,98.3,54.60359799599973,7.686136961313745,92.8,72.0,44.5,1.800247668792841,13.83695014662757,51.50708699282462
2023-11-05,26010,1,04:10:16,08:56 AM,01:07 PM,3.8,0.0,10.7,12.75,58.7,90.8,49.08830899999975,11.76864094299408,90.8,71.6,47.5,1.849727600109436,21.7687799680341,57.85030428619372
2023-11-05,26010,2,03:08:59,01:38 PM,04:47 PM,2.85,0.15,4.45,0.0,40.09999999999999,47.4,37.20458862500072,11.81202214040062,71.6,60.8,38.5,1.274036395826405,15.0489461151777,64.8074290684288
2023-11-06,26003,1,07:01:09,06:06 AM,01:07 PM,2.4,0.0,14.45,53.85,24.1,93.89999999999999,22.0586704999987,3.142633812180748,83.6,64.0,21.4,4.256829531045651,13.37765641695358,48.54247122355889
2023-11-06,26005,1,07:44:21,06:47 AM,02:32 PM,6.95,0.0,17.75,30.55,79.4,132.0,66.33259699200062,8.571025776935581,90.0,61.2,78.5,1.989971838671092,17.05609992462582,51.06989189667018
2023-11-06,26006,1,05:12:37,06:50 AM,12:03 PM,4.7,0.0,11.55,27.25,42.7,85.7,39.76774400000068,7.632557359919093,90.0,71.6,36.1,2.155012866709224,16.44825931652183,48.01607669958712
2023-11-06,26006,2,07:08:12,12:28 PM,07:36 PM,4.949999999999999,0.0,12.45,23.2,54.6,93.5,53.67092012499961,7.520446537832734,71.6,50.8,48.99999999999999,1.742097951409039,13.10135450723961,55.1401170333037
2023-11-06,26008,1,02:41:50,07:04 AM,09:45 AM,2.4,0.0,5.6,18.65,22.5,49.0,21.20366400399871,7.861296644118986,89.6,79.2,19.5,2.310921357306893,18.16683831101957,44.27444438934342
2023-11-06,26008,2,09:20:52,09:51 AM,07:12 PM,7.75,0.0,17.5,28.5,71.69999999999999,122.1,73.32177799999954,7.843765624628502,78.8,51.2,72.4,1.665262399937993,13.06192796861999,55.00915190947449
2023-11-06,26009,1,04:04:15,06:48 AM,10:52 AM,3.15,0.0,10.05,23.4,52.59999999999999,87.6,52.041063992001,12.78388470632573,66.4,46.0,42.0,1.683286106784146,21.51893551688843,46.02797519652577
2023-11-06,26009,2,01:27:29,11:54 AM,01:21 PM,0.8500000000000005,0.0,3.1,0.0,13.90000000000001,17.7,15.61132500400163,10.70694799283785,45.6,41.2,12.2,1.133792294725975,12.1394551343113,56.88602250489325
2023-11-06,26009,3,04:36:28,01:55 PM,06:32 PM,4.55,0.0,8.299999999999999,10.0,52.10000000000001,72.5,40.46740774599857,8.78241306279207,54.8,36.8,52.8,1.791565213543208,15.73426573426574,55.65715211992669
2023-11-06,26009,4,02:07:40,06:57 PM,09:04 PM,2.05,0.0,3.85,7.25,25.6,37.5,19.80557925399989,9.30810513242815,36.8,27.6,23.5,1.89340586907735,17.62402088772846,48.93757765293126
2023-11-06,26010,1,04:19:20,07:50 AM,12:10 PM,3.55,0.0,11.65,21.35,39.0,76.6,34.48609049999959,7.978787005141294,90.8,74.8,38.0,2.221185379073366,17.72236503856041,50.04037815594774
2023-11-06,26010,2,05:46:47,01:50 PM,07:37 PM,5.85,0.0,10.2,15.4,48.3,81.2,52.27283537499989,9.044177793531004,72.8,54.8,50.8,1.553388091873717,14.04911808525977,54.55009813749714
2023-11-06,26011,1,04:12:17,06:46 AM,10:58 AM,4.0,0.0,9.1,22.95,44.00000000000001,80.0,42.25322800000049,10.0489939089649,85.6,68.0,39.3,1.893346468108876,19.02622712558631,46.17807121958059
2023-11-06,26011,2,01:03:20,11:54 AM,12:57 PM,0.7999999999999999,0.0,2.05,1.3,6.3,10.4,6.67973825000081,6.328173078948136,68.0,65.6,6.8,1.556947235170291,9.852631578947367,56.45103076398377
2023-11-06,26013,1,00:56:17,12:58 PM,01:54 PM,0.5,0.3,2.05,0.0,14.7,22.5,10.64035700400018,11.34299236434724,80.4,75.2,9.1,2.114590703257537,23.98578620076992,58.04600048065186
2023-11-06,26014,1,02:27:46,08:00 AM,10:27 AM,2.3,0.0,7.95,0.0,28.9,39.6,26.09758200000033,10.59680748928504,92.4,84.4,23.1,1.517381955155826,16.07940446650124,47.60891875189706
2023-11-06,26014,2,08:12:30,10:35 AM,06:47 PM,6.7,0.0,19.4,0.0,102.9,126.6,92.97263587499947,11.326615538071,84.0,50.0,80.6,1.361690983680533,15.42335025380711,55.6028756803985
2023-11-06,26016,1,05:29:41,06:57 AM,12:27 PM,3.3,0.0,11.45,32.25,72.0,114.2,63.37984200000028,11.53467626510293,89.6,65.2,52.6,1.801834722150293,20.78358020322532,48.7667535419523
2023-11-06,26016,2,05:09:39,06:48 PM,11:58 PM,3.95,0.0,10.25,25.6,38.70000000000001,73.3,39.22404437499972,7.600331543678292,92.8,77.2,31.4,1.86875171002813,14.20313256902955,49.01128140606939
2023-11-07,26003,1,14:55:34,06:05 AM,09:00 PM,10.3,0.0,32.25,57.85,106.2,199.8,85.9045407499998,5.755319661666714,88.4,41.2,98.3,2.325837473265352,13.38593813972531,58.3679214947966
2023-11-07,26005,1,07:51:23,06:43 AM,02:34 PM,6.55,0.25,13.4,20.6,78.0,114.6,66.797382499999,8.5023009228157,91.2,66.8,78.9,1.715636087985958,14.58685429409893,57.54245953093164
2023-11-07,26006,1,05:13:37,06:48 AM,12:02 PM,4.35,0.0,11.45,24.45,42.5,81.10000000000001,39.45705850000013,7.548780921507173,78.4,60.4,37.7,2.055399035891126,15.51575702821916,55.25743783700954
2023-11-07,26006,2,01:40:32,12:31 PM,02:11 PM,1.699999999999999,0.0,3.75,0.0,15.70000000000001,20.90000000000001,13.20413374999953,7.880451177055422,60.0,55.2,14.2,1.582837647339096,12.47347480106101,62.66718741313061
2023-11-07,26006,3,04:24:23,03:07 PM,07:31 PM,3.7,0.0,7.65,8.9,32.4,51.7,33.70937675000005,7.650113868751193,68.8,56.4,33.1,1.533697890157519,11.73296349996848,60.86013657613213
2023-11-07,26008,1,09:08:49,07:05 AM,04:13 PM,7.7,0.0,15.6,28.25,68.7,116.4,68.89513099600117,7.53203776566565,88.8,64.0,68.7,1.689524329473387,12.72556105560448,59.06377328109053
2023-11-07,26009,1,04:02:14,06:48 AM,10:50 AM,2.7,0.0,7.600000000000001,13.35,47.00000000000001,69.5,49.70967999999993,12.31284216320351,91.2,73.2,38.9,1.398118032544166,17.21480666024495,54.02359502571684
2023-11-07,26009,2,05:05:36,11:53 AM,04:58 PM,2.25,0.0,8.400000000000002,2.75,37.00000000000001,48.39999999999999,37.12691724999968,7.289316214005172,72.4,54.0,34.3,1.303636379882857,9.502617801047117,63.22964596670188
2023-11-07,26009,3,04:53:32,07:04 PM,11:58 PM,3.1,0.0,10.5,23.95,28.0,64.60000000000001,34.64143325000077,7.080919810356733,86.4,69.2,26.7,1.864818915943629,13.20463320463321,54.9497541141186
2023-11-07,26010,1,04:19:19,07:47 AM,12:06 PM,3.5,0.0,12.5,23.65,39.0,79.8,34.09773362499982,7.889442833729633,89.2,72.0,39.8,2.34033149761872,18.46391156243975,56.29631673010142
2023-11-07,26010,2,07:30:19,01:49 PM,09:19 PM,6.6,0.0,15.25,10.9,54.3,88.60000000000001,61.82641450000028,8.23772501572971,70.4,50.0,57.9,1.433044447369653,11.80502609274955,60.24885508658323
2023-11-07,26011,1,04:15:24,06:43 AM,10:59 AM,4.0,0.0,8.75,19.7,42.2,73.7,42.33089937499972,9.944612225920059,91.2,76.0,38.3,1.741044983408187,17.31401722787784,54.13562352348784
2023-11-07,26011,2,02:39:50,11:51 AM,02:31 PM,1.85,0.0,4.399999999999999,0.8,19.0,25.6,20.27222887500011,7.610012924921835,75.6,70.0,19.3,1.262811314821437,9.610010427528675,62.38006225109107
2023-11-07,26013,1,04:07:17,06:50 AM,10:57 AM,2.7,0.0,8.149999999999999,20.2,42.8,71.10000000000001,42.72049899200101,10.36555883070726,88.8,73.2,32.2,1.664306402725136,17.25146592977017,54.18924390048524
2023-11-07,26013,2,03:04:58,11:57 AM,03:02 PM,2.0,0.0,5.100000000000001,4.0,31.5,40.4,32.07765650399961,10.40543912546392,72.8,63.6,26.3,1.25944362534597,13.10506397549108,62.69661581090976
2023-11-07,26014,1,06:25:59,12:13 PM,06:39 PM,5.7,0.0,13.55,0.0,85.29999999999998,102.8,76.50630437500058,11.89268516559446,89.2,62.4,67.4,1.343680116819121,15.97996459259899,62.32144403581468
2023-11-07,26016,1,05:48:50,06:59 AM,12:48 PM,3.6,0.0,11.8,33.4,67.39999999999999,110.8,63.45751337500042,10.91481357620647,71.6,45.6,50.2,1.746050138227612,19.05781175346393,56.16955202365727
2023-11-07,26016,2,01:23:27,01:49 PM,03:12 PM,0.85,0.0,2.7,3.85,13.7,19.9,14.29153299999962,10.27551803475107,42.4,37.6,10.3,1.392432848176646,14.30796884361893,63.8918784773493
2023-11-08,26003,1,07:00:09,06:03 AM,01:03 PM,3.1,0.0,16.8,51.65000000000001,30.8,101.7,27.65100950000124,3.948733952160119,90.0,68.8,27.5,3.67798506597003,14.52338450553374,45.68262655951754
2023-11-08,26003,2,03:29:04,03:37 PM,07:06 PM,3.2,0.0,11.0,30.4,29.0,73.3,27.72930224599986,7.958026792538226,64.0,47.2,31.1,2.643413070755288,21.03635204081633,45.95904341291583
2023-11-08,26005,1,05:12:28,06:41 AM,11:54 AM,5.05,0.0,11.45,32.55,62.1,109.1,48.85467350399995,9.3810979632174,88.4,64.4,59.4,2.233153804437307,20.94943460635801,45.02563321398765
2023-11-08,26005,2,02:01:38,12:22 PM,02:24 PM,1.65,0.0,2.65,0.0,20.3,23.5,17.3213379960016,8.544370620115892,64.4,58.8,20.5,1.356708125285971,11.59221704576597,50.82711438038307
2023-11-08,26006,1,09:00:48,06:53 AM,03:54 PM,8.0,0.0,17.85,50.8,70.10000000000001,146.0,61.12737212499997,6.78188300203402,90.0,50.8,57.8,2.388455366630896,16.198224852071,47.70752118204445
2023-11-08,26008,1,07:20:15,07:03 AM,02:24 PM,6.25,0.0,13.55,31.4,54.8,104.8,53.4379059999992,7.28284919931846,89.2,67.2,52.4,1.961154690455153,14.28279386712095,47.07128901340428
2023-11-08,26008,2,01:49:34,03:08 PM,04:58 PM,1.35,0.1,2.8,5.1,16.8,25.5,17.70907350000016,9.697697687861359,79.6,74.4,13.1,1.43993981390386,13.96410100395497,50.18720077341258
2023-11-08,26008,3,02:22:44,05:00 PM,07:23 PM,1.55,0.0,4.95,16.8,16.3,40.3,22.13572050400035,9.305067003082817,74.4,65.6,15.7,1.820586774788606,16.94068192433442,43.27114697102883
2023-11-08,26009,1,00:17:05,12:01 AM,12:18 AM,0.1499999999999999,0.0,0.5,0.0,1.100000000000001,1.700000000000003,2.719119495999621,9.550078229852328,69.2,68.8,2.5,0.6252023872069798,5.970731707317084,50.37800006866453
2023-11-08,26009,2,02:34:48,06:48 AM,09:23 AM,0.6,0.0,7.2,23.9,7.5,38.1,6.601445504000367,2.55869980775208,90.8,80.8,5.1,5.771463231335021,14.76744186046512,43.33941922526192
2023-11-08,26009,3,00:22:08,11:10 AM,11:32 AM,0.3,0.0,0.75,0.0,3.8,4.800000000000001,4.038911499999813,10.94885647590311,79.6,78.0,2.6,1.18843901382841,13.01204819277109,48.10999965667725
2023-11-08,26009,4,03:24:03,01:50 PM,05:14 PM,2.5,0.0,7.0,4.55,40.40000000000001,52.8,33.94176950399924,9.980427200391837,78.0,66.0,44.4,1.555605402180896,15.5256064690027,50.31111803615789
2023-11-08,26010,1,04:23:21,07:43 AM,12:06 PM,3.75,0.0,13.5,27.85,39.99999999999999,86.9,35.80650387500009,8.15792759635468,89.6,71.2,39.1,2.426933394652727,19.79874691475223,45.91495786565344
2023-11-08,26010,2,07:11:13,01:50 PM,09:01 PM,6.65,0.0,13.6,34.45,78.00000000000001,135.4,60.03997287499988,8.354033252811794,69.6,37.6,72.8,2.255164243359933,18.83971707958103,45.88808859181934
2023-11-08,26011,1,04:12:18,06:46 AM,10:58 AM,3.9,0.0,9.3,30.0,42.10000000000001,85.8,42.33089937499972,10.06680127824012,91.2,73.6,36.3,2.026888189639382,20.40428061831153,44.37085693904328
2023-11-08,26011,2,02:35:49,11:51 AM,02:27 PM,2.1,0.0,4.550000000000001,5.100000000000001,19.2,30.9,20.27222887500011,7.806185041180917,73.2,66.4,18.4,1.524252719843063,11.89859878061825,50.6318458153651
2023-11-08,26012,1,07:34:19,06:49 AM,02:23 PM,6.3,0.0,17.0,40.05,74.10000000000001,135.5,102.977951717,13.59993492722404,88.0,58.8,77.8,1.315815645395393,17.89500715360064,46.91595999736661
2023-11-08,26012,2,01:26:27,04:39 PM,06:06 PM,1.3,0.0,2.9,12.6,17.0,33.59999999999999,11.72837762500058,8.139996038172754,78.0,70.8,15.4,2.864846364460263,23.31983805668016,45.38579333075162
2023-11-08,26012,3,00:22:07,06:11 PM,06:33 PM,0.4,0.0,0.85,2.6,6.100000000000001,9.8,4.349597000000358,11.79996171816224,70.4,68.4,6.199999999999999,2.253082297049403,26.586284853052,42.87199993133547
2023-11-08,26012,4,01:04:19,06:36 PM,07:40 PM,0.5499999999999999,0.0,2.5,8.4,8.899999999999997,20.4,7.223437874999945,6.73863082404763,68.0,63.6,9.4,2.824140022108262,19.03083700440529,41.44833870080806
2023-11-08,26013,1,04:06:17,06:42 AM,10:49 AM,2.8,0.0,8.55,28.15,42.89999999999999,80.8,42.01959250399887,10.23689064183501,87.6,70.0,32.2,1.922912507833352,19.68464505650673,44.21131687513207
2023-11-08,26013,2,03:01:57,11:59 AM,03:01 PM,1.7,0.0,5.7,10.25,31.0,47.2,31.84402100799889,10.50091377015627,67.2,56.0,24.6,1.482224873176156,15.56471558120363,50.84956014339745
2023-11-08,26014,1,10:58:21,08:13 AM,07:11 PM,9.8,0.0,28.1,0.0,144.8,185.8,124.7402282499997,11.36844185463657,91.2,42.8,114.6,1.489495430677155,16.93324219640009,47.61899844162346
2023-11-08,26016,1,03:46:10,07:02 AM,10:48 AM,2.9,0.0,7.95,33.15000000000001,60.39999999999999,100.0,49.6320086249998,13.16692933308764,83.6,61.2,42.7,2.014828792353765,26.52910832719234,44.3610617266292
2023-11-08,26016,2,00:50:16,12:00 PM,12:50 PM,0.6499999999999999,0.0,1.65,3.2,12.5,17.3,11.8060489999998,14.09210092838173,60.0,56.0,9.8,1.4653505165022,20.6498673740053,49.78929390626795
2023-11-08,26016,3,01:22:25,01:46 PM,03:08 PM,0.7,0.0,2.2,3.35,13.2,18.5,13.43714787500085,9.782352345804458,56.0,51.6,10.2,1.376780264092973,13.46814964610718,51.49139745551412
2023-11-08,26016,4,05:05:34,06:52 PM,11:58 PM,4.199999999999999,0.0,11.0,44.0,40.60000000000001,97.5,40.23377224999967,7.9001625449983,90.4,69.6,29.7,2.423337274818937,19.14475837242282,39.7060656750787
2023-11-08,26017,1,01:16:23,03:06 PM,04:22 PM,0.35,0.0,5.4,16.85,80.7,104.1,56.38879687899998,44.29405820737507,86.8,63.6,5.6,1.846111386688734,81.77176521928868,50.86002679800055
2023-11-09,26003,1,03:46:09,06:07 AM,09:53 AM,1.0,0.0,7.850000000000001,40.8,12.9,61.7,11.96014900799855,3.173154722440474,85.2,72.0,10.9,5.158798603490398,16.36966615078488,45.29801787654905
2023-11-09,26003,2,03:29:04,04:07 PM,07:36 PM,2.1,0.0,6.2,15.9,25.3,48.2,29.8258079999996,8.559702551020292,70.0,58.8,20.3,1.616050099967138,13.83290816326531,55.83716740859175
2023-11-09,26005,1,07:59:27,06:42 AM,02:41 PM,6.850000000000001,0.0,20.55,36.6,85.50000000000001,146.1,71.38061499600008,8.932812388695389,90.4,58.4,84.3,2.046774183833902,18.28344978621337,51.88246861781038
2023-11-09,26006,1,07:23:17,06:55 AM,02:19 PM,6.25,0.0,15.5,36.05,58.4,114.3,53.36023462499998,7.222500456818435,88.0,57.2,48.6,2.142044554400234,15.47091777268113,51.78513573650862
2023-11-09,26006,2,01:54:36,03:29 PM,05:24 PM,1.55,0.0,4.75,3.850000000000001,13.6,23.5,12.58276275000026,6.587833900523695,54.8,49.2,13.2,1.867634355578986,12.30366492146597,59.08060901807713
2023-11-09,26008,1,09:10:49,07:04 AM,04:14 PM,7.600000000000001,0.0,16.35,34.3,67.80000000000001,123.1,68.42910274600035,7.453925077478933,88.0,61.6,67.1,1.79894219067771,13.40918030802747,53.66229517889792
2023-11-09,26009,1,07:04:13,06:50 AM,01:54 PM,4.15,0.0,17.05,41.65,69.9,130.1,75.34247649200006,10.65622580329235,83.2,54.4,58.4,1.726781572063325,18.40097434487094,51.23472337925696
2023-11-09,26009,2,05:09:40,04:29 PM,09:39 PM,2.05,0.0,10.3,24.6,46.50000000000001,81.1,36.11656800400124,6.997828030915202,92.8,71.2,34.1,2.245506826424238,15.71367061356297,53.74411668684846
2023-11-09,26010,1,04:21:20,07:50 AM,12:11 PM,3.8,0.0,13.45,28.45,42.8,89.4,34.33074775000023,7.882059432398012,90.0,70.4,42.1,2.60407960382976,20.52551020408163,50.82193120759094
2023-11-09,26010,2,07:17:16,01:48 PM,09:05 PM,6.85,0.0,12.65,16.5,77.3,113.3,60.42832974999965,8.291736053514207,69.2,42.4,74.3,1.874948397030627,15.54657722213752,56.28051057355164
2023-11-09,26011,1,04:18:19,06:45 AM,11:03 AM,3.8,0.0,9.3,31.0,41.7,85.39999999999999,44.11734100000012,10.24726934640947,90.4,72.4,36.5,1.935746762253866,19.83611845925543,47.78160476906345
2023-11-09,26011,2,00:37:11,11:46 AM,12:23 PM,0.35,0.0,1.2,2.15,4.300000000000002,8.2,4.504939749999721,7.269288704616314,72.4,70.8,4.3,1.82022412175446,13.23173464813985,55.72210495597441
2023-11-09,26011,3,01:39:30,05:26 PM,07:06 PM,1.8,0.0,4.5,9.950000000000001,20.6,36.0,15.61194637500012,9.414239020100572,68.4,60.0,20.3,2.305926444741566,21.70854271356784,54.60241976928712
2023-11-09,26012,1,07:42:21,06:48 AM,02:30 PM,6.35,0.0,16.8,35.9,71.7,129.0,65.32162637500005,8.47690620201147,82.8,54.4,76.7,1.974843664476961,16.74056450740781,51.84993925860029
2023-11-09,26013,1,04:05:16,06:46 AM,10:51 AM,2.35,0.0,8.4,26.8,43.0,78.0,43.10823449600139,10.54564040402317,85.2,68.0,31.8,1.809399083769833,19.08127208480565,47.4466558511139
2023-11-09,26013,2,03:04:57,11:56 AM,03:01 PM,1.85,0.0,5.45,7.9,31.5,44.5,32.38834200400015,10.50716691127337,67.6,57.2,25.4,1.373951157935284,14.43633414436334,57.74953495438019
2023-11-09,26014,1,08:05:28,10:35 AM,06:41 PM,6.649999999999999,0.0,21.25,0.0,102.5,130.5,90.56482324999979,11.19312564199393,83.2,49.6,81.2,1.440956823155952,16.128810766273,57.27181408661408
2023-11-09,26016,1,00:33:10,12:04 AM,12:37 AM,0.2000000000000002,0.0,0.9499999999999993,2.549999999999997,1.300000000000004,5.0,2.640826749999178,4.777375025124141,69.2,68.4,1.899999999999999,1.893346468109487,9.045226130653266,37.54399986267092
2023-11-09,26016,2,05:58:12,06:54 AM,12:52 PM,3.55,0.0,12.2,33.6,65.8,109.8,63.30217062500014,10.60337866415413,89.2,65.6,48.8,1.734537677237821,18.39195979899498,50.28339779593719
2023-11-09,26016,3,01:58:38,01:44 PM,03:43 PM,1.35,0.0,3.45,4.8,18.0,25.7,18.33044450000034,9.270806434391854,65.2,59.6,13.8,1.402039104943665,12.99803315538072,59.76719364198321
2023-11-09,26016,4,07:04:09,04:54 PM,11:58 PM,3.2,0.05,13.7,26.35,31.9,70.3,31.53457824999987,4.46086218318989,81.6,66.4,25.3,2.229298880824585,9.944595072497936,51.85221280037039
2023-11-09,26017,1,00:43:14,07:42 AM,08:25 AM,0.5,0.0,1.75,6.55,33.7,44.6,22.99072699999988,31.90694572089421,60.4,50.0,5.7,1.939912556919154,61.89668465690055,45.414909250086
2023-11-09,26017,2,00:59:18,11:46 AM,12:45 PM,0.2,0.0,1.65,3.45,66.39999999999999,71.2,49.94269412499989,50.53223688870141,48.8,31.6,6.7,1.425633944011829,72.04047217537943,55.73599967956548
2023-11-09,26017,3,00:38:12,02:15 PM,02:53 PM,0.3,0.0,0.7999999999999999,0.0,7.5,9.1,7.611794749999717,11.95569856020898,58.4,56.0,4.1,1.195513055577377,14.29319371727749,59.63553874676043
2023-11-10,26003,1,06:14:55,06:13 AM,12:28 PM,2.95,0.0,14.55,36.15,34.60000000000001,87.5,31.06854999999996,4.972072905090013,92.4,74.0,33.3,2.816352871311989,14.00311180262281,48.62911195908037
2023-11-10,26003,2,03:34:06,12:42 PM,04:16 PM,3.75,0.0,7.3,26.5,30.6,66.9,30.60127900800035,8.575790473984217,77.2,62.4,30.4,2.186183132492919,18.74824848201775,49.14516829553065
2023-11-10,26003,3,00:10:02,04:21 PM,04:31 PM,0.15,0.0,0.25,0.0,2.9,3.3,2.330141249998633,13.93439950165295,62.4,62.0,2.2,1.416223158146287,19.73421926910299,47.78600082397463
2023-11-10,26005,1,07:33:18,06:48 AM,02:21 PM,6.1,0.0,17.8,38.1,77.30000000000003,136.4,66.25430424600017,8.769596855857072,85.2,54.8,76.39999999999999,2.058734169082073,18.05426869622767,49.12644220200271
2023-11-10,26006,1,05:03:34,06:56 AM,11:59 AM,4.649999999999999,0.0,16.2,6.5,45.2,73.6,40.69980050000049,8.044322048973413,92.0,76.4,38.0,1.808362672441087,14.54705171845833,48.83326698907565
2023-11-10,26006,2,03:49:11,12:29 PM,04:18 PM,3.1,0.0,7.65,2.6,31.2,45.09999999999999,28.81608012499964,7.544025049087247,76.4,66.4,26.9,1.565098368840011,11.80714129881463,49.20124020555672
2023-11-10,26008,1,06:03:52,07:05 AM,01:09 PM,4.55,0.0,12.0,33.25,51.8,100.6,49.55309450800087,8.17108557295727,90.0,68.8,42.1,2.030145664944438,16.58849395382924,49.13704385177895
2023-11-10,26008,2,00:24:07,02:36 PM,03:00 PM,0.2,0.0,0.8999999999999999,5.25,12.1,18.4,9.86488599599943,24.5429091814775,65.6,61.6,5.6,1.865201484078161,45.77747062888736,49.15760001373292
2023-11-10,26009,1,04:03:16,06:50 AM,10:53 AM,2.55,0.0,10.35,35.1,45.7,92.39999999999999,50.02036549999866,12.33716879967081,92.4,73.2,38.5,1.847247597581078,22.78980542614415,48.36199978016072
2023-11-10,26009,2,03:10:00,11:52 AM,03:02 PM,1.55,0.0,7.85,19.0,28.50000000000001,55.89999999999999,31.61287099600122,9.98301189347407,71.6,59.2,24.9,1.768267108895959,17.65263157894737,49.75226305309112
2023-11-10,26009,3,05:11:36,06:46 PM,11:58 PM,5.600000000000001,0.0,12.4,54.7,51.3,120.9,51.02947200400013,9.825957382028266,93.2,60.4,48.7,2.369219105197146,23.2798459563543,41.01134391643625
2023-11-10,26010,1,04:15:18,07:53 AM,12:08 PM,3.55,0.0,13.8,26.85,39.09999999999999,84.8,34.79677600000014,8.17785569917747,90.8,72.8,38.5,2.437007382523015,19.92949471210341,49.31578799079461
2023-11-10,26010,2,04:50:29,01:47 PM,06:38 PM,4.45,0.0,10.35,32.6,53.3,102.3,40.54445775000022,8.374550915141477,71.2,47.6,48.7,2.523156201293615,21.13030007458833,47.15873116328804
2023-11-10,26010,3,02:00:37,06:58 PM,08:58 PM,1.85,0.0,4.0,12.85,22.8,42.5,19.49551512499966,9.697921023904764,47.2,36.8,21.3,2.179988562882395,21.14135691584911,42.10216501488177
2023-11-10,26011,1,07:41:21,06:42 AM,02:24 PM,5.85,0.0,15.5,42.45,60.5,124.8,62.83614237499933,8.17203542321439,91.6,65.2,55.7,1.986118104692154,16.23062750623171,49.08376060237066
2023-11-10,26011,2,03:42:08,03:36 PM,07:18 PM,3.0,0.0,12.0,28.8,30.0,75.2,28.81608012500055,7.783455015756452,64.0,46.0,29.4,2.609654042943794,20.31212484993998,45.4211082664696
2023-11-10,26012,1,07:45:22,06:51 AM,02:37 PM,6.3,0.0,18.0,44.3,68.3,135.8,64.46724125000037,8.311799602464054,91.2,62.0,72.3,2.106496219892134,17.50877444309147,49.14690060738864
2023-11-10,26012,2,03:21:01,03:57 PM,07:18 PM,2.6,0.0,8.35,21.7,41.20000000000001,73.3,40.69980049999958,12.14818686676051,78.4,62.4,32.9,1.80099162893933,21.87878285382638,45.10552257423977
2023-11-10,26013,1,04:04:15,06:45 AM,10:50 AM,2.35,0.0,8.45,28.7,40.6,77.9,42.4868634960003,10.43689584343917,82.4,64.8,29.4,1.833507903150664,19.13613101330604,48.28513093620082
2023-11-10,26013,2,03:03:56,11:58 AM,03:02 PM,2.15,0.0,6.45,18.05,30.8,56.3,31.76697100399906,10.36254943950676,63.6,50.4,23.7,1.772281027137039,18.36534976440739,49.73547817727811
2023-11-10,26014,1,06:37:02,12:06 PM,06:43 PM,5.65,0.0,21.3,0.0,90.6,119.2,77.36068950000026,11.6908102678197,91.2,65.2,72.5,1.540834250191108,18.01360087314248,47.83727277192192
2023-11-10,26016,1,05:46:49,07:01 AM,12:48 PM,3.6,0.0,11.95,39.9,65.6,117.1,63.30217062500014,10.95140632658948,76.8,50.4,47.7,1.849857577454908,20.25854197702917,49.07138690121637
2023-11-10,26016,2,01:26:28,01:44 PM,03:11 PM,0.95,0.0,2.85,6.55,13.7,23.0,14.29153299999962,9.917023670007445,49.6,43.6,9.8,1.609344497892606,15.95990747879723,49.25537937427384
2023-11-11,26008,1,07:05:11,04:53 PM,11:58 PM,7.550000000000001,0.0,16.4,43.75,69.40000000000002,142.1,67.72943900000064,9.55768023205685,93.2,62.4,68.8,2.098053698628726,20.05252636117753,44.40722168256644
2023-11-11,26009,1,00:10:03,11:07 AM,11:17 AM,0.2,0.0,0.5,2.65,5.5,8.8,2.79616950000127,16.69354925373892,86.8,76.8,1.0,3.14716257365514,52.53731343283582,53.3120002746582
2023-11-11,26009,2,05:40:29,11:21 AM,05:01 PM,3.8,0.25,11.7,15.0,22.40000000000001,52.5,27.72930224599986,4.886459840697024,75.6,40.8,22.4,1.893304041127594,9.251554163199375,53.88949094467611
2023-11-11,26014,1,09:10:49,08:37 AM,05:47 PM,9.25,0.0,30.0,0.0,121.0,164.6,101.1281302500001,11.01580286544224,87.2,50.4,84.1,1.627638121985349,17.92974068806923,51.92144261031822
2023-11-12,26008,1,00:23:07,12:01 AM,12:24 AM,0.25,0.0,0.9500000000000028,4.799999999999997,2.0,8.200000000000017,3.572883250000814,9.273525378516892,62.0,60.0,3.400000000000006,2.295065196994094,21.2833453496756,36.87800006866453
2023-11-12,26010,1,04:08:16,09:00 AM,01:09 PM,3.4,0.0,13.4,36.9,57.7,117.3,48.38926662500035,11.69450589755647,90.0,64.8,40.2,2.424091295059985,28.34854994629431,42.10939515886767
2023-11-12,26010,2,02:44:35,01:38 PM,04:23 PM,2.05,0.0,7.550000000000001,13.5,31.5,55.9,30.60252175000005,11.15636235949369,64.0,50.4,24.5,1.82664685141511,20.37873417721519,44.69142684936517
2023-11-12,26012,1,03:58:13,09:30 AM,01:29 PM,3.75,0.0,9.35,22.1,76.69999999999999,110.5,49.47666587500044,12.46176430070675,80.8,56.0,37.1,2.233376037891701,27.83180577905268,42.82987395354674
2023-11-12,26012,2,03:03:56,02:03 PM,05:07 PM,2.65,0.0,7.25,15.75,50.8,75.39999999999999,36.97157450000032,12.06031788691565,56.0,38.0,32.7,2.039404624220138,24.59586806814063,43.83617387647212
2023-11-12,26013,1,00:46:15,04:06 PM,04:52 PM,0.75,0.0,2.6,11.05,13.3,32.9,9.242272253999545,11.98997481599941,92.4,83.6,8.9,3.559730669669755,42.68108108108108,42.57289324009672
2023-11-13,26003,1,00:55:17,06:03 AM,06:58 AM,0.35,0.0,3.25,18.05,6.800000000000002,35.3,5.438238992001061,5.90221898438463,92.8,85.2,4.3,6.491071843646756,38.31172746457643,28.25471446258683
2023-11-13,26003,2,06:22:44,07:39 AM,02:01 PM,2.55,0.0,8.35,35.0,27.5,73.0,48.23454524599947,7.561590440933553,83.2,54.4,24.1,1.513438130860258,11.44399930325727,41.92910242343527
2023-11-13,26005,1,07:51:24,06:38 AM,02:29 PM,6.95,0.0,21.65,51.65,87.3,171.0,66.79738250000082,8.502000318201208,87.2,49.2,79.8,2.559980550136046,21.76495545184557,40.66228946279966
2023-11-13,26006,1,00:45:14,06:57 AM,07:42 AM,0.8,0.0,2.05,0.6500000000000001,7.8,15.4,5.903024500000356,7.83009882092899,90.8,87.6,5.8,2.608832133425682,20.42741341193809,28.58000004291534
2023-11-13,26008,1,02:03:38,04:59 PM,07:02 PM,1.7,0.0,5.600000000000001,12.65,30.70000000000001,50.0,22.2910632539988,10.81798702000481,91.2,78.0,25.6,2.24305137131718,24.26530062011324,43.34754854325325
2023-11-13,26008,2,00:07:01,07:14 PM,07:21 PM,0.09999999999999999,0.0,0.25,0.25,3.9,4.3,2.253091246000622,19.26633844561102,79.2,78.0,2.6,1.9084890625858,36.76959619952494,40.62199993133544
2023-11-13,26009,1,04:04:15,06:48 AM,10:53 AM,3.1,0.0,11.45,43.59999999999999,60.2,116.0,50.09741550400031,12.3064275547186,91.2,66.4,30.3,2.315488710006155,28.49539406345957,34.91518847150876
2023-11-13,26009,2,02:02:39,11:53 AM,01:56 PM,0.9000000000000004,0.0,4.25,1.0,14.1,20.0,15.6125677459986,7.637619769750643,65.6,61.2,11.6,1.281019261237529,9.783938035059112,48.55429280909103
2023-11-13,26009,3,02:19:44,02:53 PM,05:13 PM,1.45,0.0,5.350000000000001,18.3,20.0,44.4,22.52469875000133,9.6718649212792,78.8,69.2,17.5,1.971169536728981,19.06488549618321,48.08132840565276
2023-11-13,26010,1,07:18:15,01:44 PM,09:02 PM,7.05,0.0,14.3,43.2,76.80000000000001,144.0,60.35065837499951,8.262497438676489,83.2,51.2,72.1,2.386055162898646,19.71477467199087,44.98413735767245
2023-11-13,26011,1,04:08:17,06:49 AM,10:58 AM,3.75,0.0,10.1,43.95,44.7,107.3,42.33089937499972,10.22965951198221,88.4,65.6,37.3,2.534791407322909,25.93005303081157,35.13316124321948
2023-11-13,26011,2,01:51:35,11:53 AM,01:44 PM,0.7999999999999999,0.0,3.55,3.35,7.000000000000001,15.1,7.145766499999809,3.842383778939404,65.6,62.0,7.100000000000001,2.113139297232901,8.11949215832711,48.44235729490011
2023-11-13,26011,3,03:25:02,03:53 PM,07:18 PM,3.5,0.0,7.0,24.3,29.3,64.5,29.67046525000023,8.682626800520309,76.8,62.8,25.3,2.173878955268472,18.87497967810112,44.50798063417778
2023-11-13,26012,1,07:33:19,06:43 AM,02:16 PM,7.149999999999999,0.0,18.55,52.8,81.0,157.8,65.39929775000019,8.65610764734,91.6,57.2,79.1,2.412869945533926,20.88606198757307,40.55095583093639
2023-11-13,26013,1,04:06:15,06:44 AM,10:50 AM,2.75,0.0,9.3,40.9,45.4,98.1,42.25322799999958,10.29520276142122,86.8,64.8,32.4,2.321716106518559,23.90253807106599,34.70278043783288
2023-11-13,26013,2,03:01:56,12:00 PM,03:02 PM,2.1,0.0,5.9,12.4,32.9,51.59999999999999,32.00060649999978,10.55351625137406,64.0,51.6,25.4,1.612469438665181,17.01722242579699,49.08902225494399
2023-11-13,26014,1,06:53:06,11:57 AM,06:50 PM,5.95,0.0,18.05,0.0,87.0,111.8,78.1374032499998,11.34893293391428,86.8,61.2,68.5,1.430812841863929,16.23819898329702,47.40398070002047
2023-11-13,26016,1,05:32:44,06:57 AM,12:30 PM,3.5,0.0,13.65,48.2,73.0,141.4,62.52545687499969,11.27487701612898,88.4,57.2,50.1,2.261478877038605,25.49789621318373,38.27614465648516
2023-11-13,26016,2,01:16:24,01:52 PM,03:08 PM,0.9,0.0,2.35,5.25,13.8,21.1,14.29153300000053,11.22371701570722,52.4,46.8,10.6,1.476398648066602,16.57068062827225,49.87002638779674
2023-11-13,26016,3,05:05:35,06:52 PM,11:58 PM,3.7,0.0,10.75,41.0,38.5,90.4,40.00075812500017,7.853980324515986,82.0,62.0,28.3,2.259957166749314,17.74965912189801,39.13325245513311
2023-11-13,26017,1,00:39:12,01:22 PM,02:01 PM,0.5,0.0,1.25,0.0,15.7,22.2,9.786593249999896,14.97947946428556,93.2,88.4,6.2,2.268409387505733,33.97959183673469,49.69399986267086
2023-11-14,26002,1,05:39:56,10:33 AM,04:13 PM,5.399999999999999,0.0,9.65,15.85,41.30000000000001,72.80000000000001,42.33152074600002,7.471733412708378,71.2,54.0,42.0,1.719758674317861,12.84957834869583,53.13332758371828
2023-11-14,26002,2,02:39:53,06:52 PM,09:32 PM,2.2,0.0,5.45,22.35,23.1,52.40000000000001,21.90208500799781,8.219275099425845,90.0,78.4,20.4,2.392466287153278,19.66433858021474,40.74732489764686
2023-11-14,26005,1,07:38:20,06:58 AM,02:36 PM,6.2,0.0,14.05,31.9,82.5,130.3,66.25430424600017,8.673290737658204,85.2,56.4,78.9,1.966664679115792,17.05745454545454,49.0416673906523
2023-11-14,26008,1,07:09:22,06:54 AM,02:03 PM,5.0,0.0,13.75,36.95,58.7,112.6,53.28380599199954,7.445916527101868,88.8,64.8,54.0,2.113212408605096,15.73480319850943,48.56236065589852
2023-11-14,26009,1,10:32:16,06:48 AM,05:20 PM,5.6,0.0,24.3,45.2,88.00000000000001,159.8,89.78810949999934,8.520592424082603,89.2,49.2,72.8,1.779745680022377,15.16448755799241,49.50697155816233
2023-11-14,26009,2,00:48:15,06:47 PM,07:35 PM,0.55,0.0,1.95,4.95,5.600000000000001,12.8,6.601445504000367,8.209051403938279,76.0,73.2,4.2,1.938969274569246,15.91709844559585,42.72800006866458
2023-11-14,26010,1,04:55:31,07:45 AM,12:40 PM,4.1,0.0,15.2,28.25,43.2,92.5,38.52500200000031,7.821894264282959,90.0,70.0,40.5,2.401038162178402,18.78066662906773,48.80852185362461
2023-11-14,26010,2,03:34:06,03:36 PM,07:10 PM,3.1,0.0,10.1,20.9,31.0,67.3,30.83553587499955,8.64143929238661,68.4,53.2,31.7,2.182546795126874,18.86034563288183,47.64023387588075
2023-11-14,26011,1,04:16:18,06:45 AM,11:01 AM,3.8,0.0,9.450000000000001,34.85,44.00000000000001,92.2,42.40857074999985,9.927874541552834,88.8,69.2,38.4,2.174088830852672,21.58408115489661,44.81107807792705
2023-11-14,26011,2,03:33:05,11:46 AM,03:20 PM,3.0,0.1,5.7,3.75,35.00000000000001,46.9,36.97157449999941,10.41045508017191,69.2,58.4,31.9,1.268542133632982,13.20610089949159,53.77231014412896
2023-11-14,26011,3,03:17:01,03:55 PM,07:12 PM,2.2,0.0,6.3,17.15,34.8,61.3,36.89390312500018,11.23577119110064,58.0,43.2,27.2,1.661521140561072,18.66847136452077,47.13552059348748
2023-11-14,26012,1,07:33:23,06:45 AM,02:19 PM,6.25,0.3,19.1,40.9,74.5,139.8,64.5449126249996,8.54176691725172,92.4,62.4,73.6,2.165933678030149,18.50090063595927,48.55824778776257
2023-11-14,26012,2,04:26:21,02:54 PM,07:20 PM,2.7,0.0,10.25,22.75,44.50000000000001,79.5,41.63185700000031,9.378304561667049,72.0,54.0,37.9,1.909595337051609,17.90876666040923,48.38243638734173
2023-11-14,26013,1,04:09:17,06:46 AM,10:55 AM,2.75,0.0,8.9,29.75,44.2,83.4,42.40857074999985,10.20731795814665,86.8,68.4,32.4,1.966583606215975,20.07354415992512,44.63968671775707
2023-11-14,26013,2,07:12:14,01:53 PM,09:05 PM,5.85,0.0,13.45,36.65,80.5,132.7,60.42708700799994,8.388120352772415,65.2,32.8,70.9,2.196035032806262,18.42060615408344,47.30442705928881
2023-11-14,26014,1,07:00:09,12:07 PM,07:07 PM,6.0,0.0,16.35,0.0,92.5,118.1,77.59370362499976,11.08085735451621,92.0,62.0,68.6,1.52203071232122,16.86540521242414,50.72542613316956
2023-11-14,26016,1,05:08:36,06:56 AM,12:04 PM,3.15,0.0,10.95,34.15,65.2,109.2,57.32147474999965,11.14481038561238,75.6,50.4,45.0,1.905045194253322,21.23136746597537,46.62936792094063
2023-11-14,26016,2,00:14:05,12:14 PM,12:28 PM,0.1499999999999999,0.0,0.4500000000000011,0.0,0.8999999999999986,1.299999999999997,1.864112999999634,7.941783195264712,49.2,49.2,1.800000000000004,0.6973826157535796,5.538461538461527,53.14999999999998
2023-11-14,26016,3,01:35:30,01:35 PM,03:11 PM,1.05,0.0,3.15,7.649999999999999,14.5,25.5,14.29153300000053,8.978973612565778,46.8,40.4,10.5,1.784273247663428,16.02094240837696,54.01287524104106
2023-11-14,26017,1,02:40:49,04:48 PM,07:29 PM,1.75,0.0,5.550000000000001,14.9,27.3,49.9,19.65085787499993,7.331649740905767,90.0,79.6,22.6,2.539329342129303,18.61747331329671,45.42755289610857
2023-11-15,26003,1,07:41:22,05:54 AM,01:35 PM,3.55,0.0,23.55,63.95,33.5,127.0,28.42772324999896,3.696980120655887,86.8,59.2,29.4,4.467469972292087,16.51614767719095,41.65003479988665
2023-11-15,26005,1,07:48:23,06:42 AM,02:30 PM,6.45,0.0,16.8,48.9,84.9,155.0,66.79738250000082,8.556758246450663,86.4,52.0,79.6,2.320450206263668,19.85553143792478,44.03028270600938
2023-11-15,26006,1,00:21:06,09:38 AM,09:59 AM,0.25,0.0,1.15,0.5,14.0,18.4,10.40796424999917,29.59610687203555,88.8,84.8,6.0,1.767876940968689,52.32227488151658,43.47499999999997
2023-11-15,26008,1,04:53:35,06:55 AM,11:48 AM,3.35,0.0,12.6,44.25,43.90000000000001,108.4,38.67910200799997,7.904897373193295,91.6,68.4,36.5,2.802546966513848,22.15384615384615,40.41847097971332
2023-11-15,26008,2,03:08:58,12:58 PM,04:07 PM,2.2,0.0,6.45,12.0,24.8,45.2,25.08847549600068,7.966000333886265,66.0,56.0,24.0,1.801624016860062,14.35173751984477,52.32409529913043
2023-11-15,26009,1,09:49:02,06:47 AM,04:36 PM,5.8,0.0,22.8,53.3,95.3,173.9,93.51633550000042,9.525742963046843,90.4,52.4,77.8,1.859568160687811,17.71376832097787,45.81801029484398
2023-11-15,26010,1,04:26:23,07:46 AM,12:13 PM,3.35,0.0,13.95,32.45,39.3,91.2,34.17540499999996,7.697644872677209,86.0,66.4,37.3,2.6685857855964,20.54182568979541,43.19383462308959
2023-11-15,26010,2,03:49:11,03:36 PM,07:26 PM,3.15,0.0,12.1,23.0,31.0,71.9,30.75786450000032,8.052382532179562,62.8,46.0,31.4,2.337613523201497,18.82335830121446,47.77884701224897
2023-11-15,26011,1,04:13:18,06:45 AM,10:59 AM,3.85,0.0,9.75,39.7,45.2,98.39999999999999,42.33089937500063,10.02705867548377,84.0,62.4,39.5,2.324543098607352,23.30833004342676,38.53328853727788
2023-11-15,26011,2,02:30:46,11:52 AM,02:22 PM,0.8,0.0,4.85,5.850000000000001,6.800000000000001,19.2,7.145766499999809,2.843771766526565,62.4,58.0,7.1,2.686905596481569,7.640946274596506,51.62810608440689
2023-11-15,26011,3,03:34:06,03:43 PM,07:17 PM,2.45,0.0,8.6,18.5,36.5,67.5,36.73856037499991,10.29571986221389,54.4,38.4,26.7,1.837306614930204,18.91639420831387,47.72257926887424
2023-11-15,26012,1,07:45:27,06:46 AM,02:31 PM,6.6,0.0,18.75,46.8,78.50000000000001,148.9,65.24395499999991,8.410435707379943,82.0,48.4,77.8,2.282203768916219,19.19432806961006,44.195698326158
2023-11-15,26012,2,01:21:24,02:45 PM,04:06 PM,0.95,0.0,2.15,0.0,12.1,14.8,12.19440587499957,8.988505558967745,52.8,49.2,11.1,1.213671264652778,10.90909090909091,52.11688889397519
2023-11-15,26013,1,04:06:16,06:47 AM,10:53 AM,2.75,0.0,8.95,37.95,44.00000000000001,91.6,42.79754899600084,10.42712346951834,83.2,62.4,31.9,2.140309483810847,22.31727125067677,38.39775609853779
2023-11-15,26013,2,03:06:58,11:57 AM,03:04 PM,2.2,0.0,6.399999999999999,14.95,31.6,53.9,32.46663475000059,10.41895927081495,59.2,46.0,25.2,1.66016590308914,17.29720092708148,51.90414995917661
2023-11-15,26014,1,06:51:05,12:08 PM,06:59 PM,5.65,0.0,21.15,0.0,90.00000000000001,121.7,77.51603224999963,11.31391510642606,91.2,64.8,71.3,1.569997798745699,17.76282181228461,50.0507511920466
2023-11-15,26016,1,06:08:51,06:56 AM,01:04 PM,3.35,0.0,14.25,47.55,69.4,132.3,62.13709999999992,10.10770231801544,86.0,56.8,50.1,2.129162770711864,21.52094347295649,42.54153978556815
2023-11-15,26016,2,01:26:26,01:44 PM,03:10 PM,1.0,0.0,2.9,6.35,14.6,23.9,14.29153299999962,9.920848206710108,56.4,50.4,10.4,1.672318847810143,16.59082144234478,52.60751768967209
2023-11-15,26016,3,01:01:19,06:49 PM,07:50 PM,0.7,0.0,2.05,6.350000000000001,9.200000000000001,17.3,8.85453675000008,8.664401277521142,70.4,66.4,6.6,1.953800688669551,16.92851318293014,46.03041967268916
2023-11-15,26016,4,04:04:15,07:53 PM,11:58 PM,3.65,0.0,8.55,28.75,33.89999999999999,72.0,33.94239087499955,8.337946581371433,66.4,49.2,30.5,2.121241260380158,17.68679631525077,44.86454106549757
2023-11-15,26017,1,03:57:14,08:00 AM,11:57 AM,2.75,0.0,8.399999999999999,26.95,46.7,84.0,39.14637300000004,9.900726626387533,84.8,66.4,33.6,2.145792663856749,21.24490656175355,43.20853165252317
2023-11-15,26017,2,04:18:23,03:09 PM,07:27 PM,3.5,0.0,9.0,27.1,48.60000000000001,88.8,44.66104062500017,10.37087958782175,64.4,43.2,38.3,1.9883101413963,20.62052505966587,48.25469752910514
2023-11-16,26003,1,06:50:06,05:56 AM,12:46 PM,2.65,0.0,17.8,51.2,25.8,99.19999999999999,22.52594149200013,3.295675419458687,91.2,70.8,23.2,4.403811491529884,14.51353328456474,48.70973531288274
2023-11-16,26005,1,07:58:26,06:38 AM,02:36 PM,6.350000000000001,1.45,15.4,33.05,83.39999999999999,137.4,66.797382499999,8.377014456907839,89.6,59.2,80.7,2.056966828004107,17.23124085557026,53.45286786781156
2023-11-16,26008,1,07:15:16,06:53 AM,02:08 PM,4.7,0.0,15.05,38.95,57.40000000000001,114.2,53.90393425000002,7.430470336192376,91.2,66.8,53.3,2.118583765525426,15.74207382447542,53.19363136796891
2023-11-16,26009,1,06:32:03,06:46 AM,01:18 PM,4.199999999999999,0.25,15.7,34.05,68.3,120.1,70.21492299999954,10.74581145262077,88.8,63.2,56.8,1.710462603512373,18.38030863410279,51.36657293129447
2023-11-16,26009,2,03:24:04,05:51 PM,09:15 PM,0.9,0.0,6.350000000000001,11.55,10.6,27.8,8.388508500000171,2.466402368507074,92.4,86.4,9.7,3.314057558623137,8.173799411956876,50.53223520727713
2023-11-16,26010,1,04:31:23,07:43 AM,12:14 PM,4.3,0.0,8.3,6.649999999999999,41.40000000000001,61.6,34.95211875000041,7.727545753239665,86.8,73.6,39.5,1.762411041247658,13.61911195725603,51.25136525094268
2023-11-16,26010,2,02:32:48,04:50 PM,07:23 PM,2.65,0.0,4.95,11.7,23.8,43.59999999999999,24.31114037499992,9.546259309554943,93.2,84.4,25.3,1.793416488386351,17.12041884816754,53.00364634569956
2023-11-16,26011,1,04:14:17,06:44 AM,10:59 AM,3.65,0.0,8.8,31.7,43.3,86.7,42.40857074999985,10.00661038867402,89.2,70.8,38.8,2.044398065454736,20.45749492036443,45.79834634788384
2023-11-16,26011,2,02:28:46,11:51 AM,02:20 PM,1.8,0.45,3.85,0.0,19.0,24.5,20.66058574999988,8.33274800582563,70.8,65.2,19.0,1.185832787920843,9.881245798790053,64.05051027080367
2023-11-16,26011,3,03:30:04,03:46 PM,07:16 PM,2.5,0.0,6.55,18.7,36.80000000000001,63.2,38.0589737500004,10.87054153443363,63.6,48.8,29.5,1.660580771703003,18.05141225007934,55.81897082465022
2023-11-16,26012,1,07:56:27,06:46 AM,02:42 PM,6.699999999999999,0.45,17.45,31.55,75.1,129.7,66.17601150000064,8.333635617588495,90.8,63.2,81.5,1.959924707762098,16.33329835239795,53.86370939475599
2023-11-16,26012,2,04:03:15,02:59 PM,07:02 PM,3.25,0.3,7.05,11.45,39.39999999999999,60.6,42.02021387500008,10.36469818088389,62.8,48.8,36.5,1.442163054673407,14.94758478931141,57.95851771743217
2023-11-16,26013,1,04:12:18,06:43 AM,10:55 AM,2.85,0.0,8.7,30.95,42.5,83.4,42.64220624599875,10.14083382782372,87.2,69.2,31.2,1.95580874776679,19.83353151010702,45.55985703808913
2023-11-16,26013,2,03:04:58,11:57 AM,03:02 PM,2.0,0.0,4.600000000000001,0.0,30.1,34.4,32.00060649999978,10.38044543160923,67.2,58.8,25.7,1.074979625776788,11.15876734546765,64.43512410756715
2023-11-16,26014,1,06:20:56,12:33 PM,06:54 PM,5.7,0.25,10.0,0.0,86.29999999999998,103.0,74.79753412500031,11.78120068472179,87.6,65.2,73.4,1.377050743783454,16.22331116555828,60.81657831493182
2023-11-16,26016,1,00:12:04,12:12 AM,12:24 AM,0.1000000000000001,0.0,0.4500000000000011,1.149999999999999,1.600000000000001,3.399999999999991,1.864113000000543,9.269070165748557,48.8,47.6,0.8999999999999986,1.823923764277702,16.90607734806626,43.89800024032593
2023-11-16,26016,2,06:12:00,06:59 AM,01:11 PM,3.95,0.0,12.85,41.55,77.2,130.2,70.83629399999973,11.42520870967737,88.0,59.6,56.3,1.838040821277303,21.0,51.58817253755416
2023-11-16,26016,3,01:08:22,01:58 PM,03:06 PM,0.85,0.0,1.45,0.0,12.1,13.1,12.34974862499985,10.8383946977083,59.6,56.4,9.9,1.060750335717879,11.49683081423696,65.46304193579634
2023-11-16,26016,4,05:03:34,06:55 PM,11:58 PM,4.4,0.0,10.25,26.15,44.1,81.89999999999999,42.09788525000022,8.320653722411373,58.8,39.2,40.1,1.945465894869376,16.18754803996925,48.62701022459731
2023-11-16,26017,1,04:00:13,07:52 AM,11:52 AM,2.8,0.0,8.95,24.55,47.4,82.3,37.90363100000013,9.467360827031186,84.8,67.2,35.6,2.171295937320615,20.55644210088115,50.68729987382869
2023-11-16,26017,2,04:46:28,02:42 PM,07:28 PM,3.5,0.1,8.8,13.7,45.1,69.4,42.87459899999976,8.980018408191711,64.8,48.4,38.4,1.618674031213689,14.53572259716081,57.67920195906319
2023-11-17,26003,1,06:16:56,06:14 AM,12:31 PM,2.4,0.0,14.15,22.75,22.6,62.7,20.19455749999906,3.21455637601683,84.8,71.2,21.4,3.10479692362672,9.980544747081712,53.24536213392891
2023-11-17,26003,2,03:20:02,03:48 PM,07:08 PM,2.75,0.3,6.4,3.899999999999999,33.1,44.9,37.12691724999968,11.13621913847683,88.4,78.8,27.1,1.209365154064882,13.46775537410432,62.33251942253124
2023-11-17,26005,1,02:26:46,06:51 AM,09:18 AM,2.2,0.0,5.85,19.45,30.4,56.89999999999999,23.84449075399971,9.747918091573807,88.4,76.4,28.6,2.386295458646166,23.26141267317738,46.68506162993763
2023-11-17,26005,2,06:56:07,09:22 AM,04:18 PM,5.4,2.6,11.75,4.3,70.89999999999999,91.4,58.17523850399994,8.38830690969679,76.4,56.0,68.8,1.57111517460673,13.17899627508311,63.85735448722389
2023-11-17,26008,1,07:18:17,06:47 AM,02:05 PM,4.8,0.0,13.8,34.25,52.90000000000001,103.6,53.12722049999866,7.272996684032216,90.8,69.2,48.8,1.950036140136536,14.182606380956,56.93495478083211
2023-11-17,26008,2,02:14:42,02:50 PM,05:04 PM,1.95,0.0,2.75,0.0,31.6,35.1,29.12614425399988,12.97378363207122,81.2,73.6,28.9,1.205102868883159,15.6347438752784,65.58213244120292
2023-11-17,26008,3,00:13:04,05:07 PM,05:20 PM,0.15,0.0,0.25,0.0,0.8000000000000002,1.2,1.009106503999647,4.633652314284092,73.2,72.8,0.9,1.189170811251079,5.510204081632654,62.56399917602539
2023-11-17,26008,4,00:11:03,05:23 PM,05:34 PM,0.15,0.0,0.25,0.0,0.8999999999999999,1.5,2.097748496000349,11.39048957104262,72.8,72.4,2.3,0.7150523539213397,8.144796380090497,62.56399917602539
2023-11-17,26009,1,04:07:17,06:49 AM,10:56 AM,3.0,0.0,10.6,30.65,50.8,93.3,50.25400099599938,12.19346253188635,83.6,63.6,40.5,1.856568594556828,22.63799959560558,50.6713929566294
2023-11-17,26009,2,03:14:00,11:55 AM,03:09 PM,1.7,1.05,6.700000000000001,0.0,25.3,34.09999999999999,28.35067324600095,8.768249457526068,63.2,55.6,24.1,1.202793305968846,10.54639175257732,66.83343356024368
2023-11-17,26010,1,04:24:21,07:48 AM,12:13 PM,3.45,0.0,13.05,18.95,35.8,72.9,34.17540499999996,7.756853792320776,84.0,68.4,35.8,2.133112979933964,16.54624550784944,56.07759152759211
2023-11-17,26010,2,03:33:06,03:36 PM,07:09 PM,3.2,0.0,9.25,7.35,34.4,54.9,31.612249625,8.900680326137964,66.4,53.6,34.9,1.736668558905193,15.45753167526983,62.5555088852938
2023-11-17,26011,1,04:19:20,06:44 AM,11:03 AM,3.75,0.0,9.3,28.65,43.3,84.5,42.25322799999958,9.775811105398361,79.6,61.2,37.9,1.999847206940043,19.55012853470437,50.83223963409771
2023-11-17,26011,2,02:33:47,11:52 AM,02:26 PM,1.7,0.0,3.9,0.0,18.9,23.9,20.34990025000025,7.939703142950134,61.2,56.0,18.6,1.174452931286467,9.32480762978216,66.7105463944473
2023-11-17,26012,1,07:37:22,06:49 AM,02:27 PM,6.399999999999999,0.2,15.7,28.35,69.9,118.7,65.16628362499978,8.548889332045741,90.0,64.8,73.5,1.821494082477692,15.57175133007799,57.50923741491201
2023-11-17,26012,2,02:38:48,04:38 PM,07:17 PM,1.95,0.0,4.15,5.15,38.0,48.0,30.05882212500001,11.35723757871537,61.6,50.0,34.7,1.59686895914921,18.1360201511335,61.22147143381933
2023-11-17,26013,1,04:09:17,06:42 AM,10:52 AM,2.55,0.0,8.5,25.7,42.00000000000001,76.6,42.4856207540015,10.22586312190984,85.2,68.8,31.9,1.802962947005674,18.4368523099552,50.25012069495317
2023-11-17,26013,2,03:03:10,11:59 AM,03:03 PM,1.65,0.0,4.25,2.5,24.5,31.3,32.00060649999978,10.48245526842577,66.8,58.0,19.7,0.9781064618259725,10.25295723384895,66.86381274270754
2023-11-17,26014,1,06:23:58,12:12 PM,06:36 PM,5.8,0.0,8.6,0.0,89.7,100.8,76.27329025000108,11.91873621408125,86.0,64.0,76.2,1.321563546945565,15.75136730618977,65.15802082031898
2023-11-17,26016,1,00:34:10,12:01 AM,12:35 AM,0.2999999999999998,0.0,1.25,3.600000000000001,3.699999999999996,9.0,4.427268374999585,7.774715195121223,39.2,36.8,3.300000000000004,2.032856207864481,15.80487804878049,45.73400020599365
2023-11-17,26016,2,05:17:37,07:15 AM,12:33 PM,3.45,0.0,10.7,30.1,69.7,108.3,64.38956987500023,12.1636381146036,55.6,30.0,51.5,1.681949424576733,20.45862412761715,55.27786178227857
2023-11-17,26016,3,01:37:32,01:36 PM,03:14 PM,1.05,0.0,3.05,2.3,15.7,22.5,16.00030324999989,9.842975341763431,53.6,48.0,12.3,1.406223347673123,13.84142173615858,67.28918323906095
2023-11-17,26017,1,04:03:14,07:55 AM,11:58 AM,2.8,0.0,7.85,19.25,47.0,75.5,38.44733062500018,9.484061275181624,76.8,59.6,33.7,1.963725407529503,18.62409209264081,55.77133389225724
2023-11-17,26017,2,04:29:23,02:59 PM,07:29 PM,3.35,0.0,7.2,9.05,44.90000000000001,62.8,44.19501237499981,9.843596148610981,58.0,42.0,36.3,1.42097482555576,13.98750232011384,62.86565003944616
2023-11-18,26009,1,03:38:07,08:20 PM,11:58 PM,2.7,0.0,9.85,40.05,32.4,83.1,28.8937515000016,7.948155069917152,92.0,74.4,27.5,2.876054360749777,22.85932604875067,38.19910098018993
2023-11-18,26013,1,07:38:22,09:20 AM,04:58 PM,5.4,0.0,15.15,29.35,90.30000000000001,135.5,85.98159075399963,11.25495333846261,90.4,60.0,60.5,1.575918738089838,17.73689186241001,51.1403412795955
2023-11-18,26014,1,08:49:42,08:51 AM,05:41 PM,9.4,0.0,29.2,0.0,136.1,174.2,102.6815577500001,11.63091082688316,89.6,40.8,87.4,1.696507180229254,19.73192373041344,50.71471582326043
2023-11-18,26017,1,07:56:26,09:01 AM,04:58 PM,6.8,0.0,15.75,36.15,119.0,174.2,87.84632512500002,11.06299483838243,86.0,46.8,79.1,1.983008392805549,21.93801161407682,51.12422308229156
2023-11-19,26009,1,01:14:22,12:01 AM,01:15 AM,1.05,0.0,3.0,11.95,12.9,28.10000000000001,11.80604899999889,9.525274854324522,74.4,68.4,12.4,2.380135810041331,22.67144778126401,35.43800002574917
2023-11-19,26010,1,09:15:51,09:16 AM,06:32 PM,7.3,0.0,15.15,22.35,103.7,154.1,98.95333174999996,10.68129874066744,86.8,52.8,78.6,1.557299762167938,16.6339839884861,51.34730301075446
2023-11-19,26012,1,03:56:17,09:31 AM,01:27 PM,3.55,0.0,8.55,9.95,76.5,97.4,49.78735137500007,12.64262290682093,89.2,68.0,40.9,1.956320175909335,24.7330182690273,50.93882159863484
2023-11-19,26012,2,02:56:54,02:05 PM,05:02 PM,2.3,0.0,6.45,12.45,51.4,71.4,36.0395180000005,12.22369180327886,68.0,51.6,34.6,1.981158571543577,24.21707179197287,53.55433898537846
2023-11-20,26003,1,08:16:33,06:06 AM,02:23 PM,7.25,0.0,27.95,88.45,73.0,200.4,57.55386750400066,6.954449804128567,89.2,44.8,63.1,3.481955404405618,24.21508408015306,39.25239998579041
2023-11-20,26005,1,07:54:26,06:41 AM,02:35 PM,6.65,0.0,18.15,58.65,87.10000000000001,177.2,66.87443250399883,8.457386250769192,90.4,50.8,77.3,2.649742111671813,22.40989250333731,40.07001268795644
2023-11-20,26009,1,09:46:04,06:53 AM,04:39 PM,5.4,0.0,25.9,57.4,83.39999999999999,169.3,78.36979600400082,8.023298419247041,91.6,47.6,63.7,2.160271030836384,17.33249914685474,41.23390761246414
2023-11-20,26010,1,04:15:18,07:56 AM,12:11 PM,3.5,0.0,14.2,32.75,40.59999999999999,94.10000000000001,34.56376187499973,8.123093272620382,86.0,66.0,35.2,2.722504579805689,22.11515863689777,39.45969405342552
2023-11-20,26010,2,03:56:13,03:28 PM,07:25 PM,2.9,0.0,12.7,34.40000000000001,28.7,81.2,27.49566675000005,6.984011874691329,85.2,68.0,29.0,2.953192615341828,20.62513229379807,40.05446616875918
2023-11-20,26011,1,04:10:18,06:47 AM,10:57 AM,3.85,0.0,10.25,46.05,47.19999999999999,114.8,42.25322799999958,10.12862037554924,92.4,67.6,38.2,2.716952181736296,27.51897722732721,36.02688799285895
2023-11-20,26011,2,02:00:37,11:53 AM,01:53 PM,1.45,0.0,3.95,5.55,12.6,24.0,12.42741999999998,6.18194168854497,67.6,62.0,12.6,1.931213397471079,11.93864861130303,45.41505778683108
2023-11-20,26011,3,03:23:02,03:52 PM,07:15 PM,2.7,0.0,9.05,24.1,37.2,75.0,37.04924587500045,10.94871820308665,57.2,39.2,26.2,2.024332701751627,22.16384830077163,39.58571433222338
2023-11-20,26012,1,07:34:22,06:50 AM,02:24 PM,6.3,0.1,18.05,53.8,74.4,150.8,65.32162637500005,8.62584751485585,92.0,59.2,74.1,2.308576934907951,19.91343261682929,40.10639733920839
2023-11-20,26012,2,01:18:24,02:46 PM,04:05 PM,1.0,0.0,2.05,0.0,12.3,15.1,12.27207724999971,9.391895854591615,59.2,55.6,10.9,1.230435540160925,11.55612244897959,45.18192437570302
2023-11-20,26013,1,04:05:17,06:46 AM,10:51 AM,2.4,0.0,9.3,41.5,44.8,97.60000000000001,42.64220624600057,10.43092630873154,86.8,65.2,31.6,2.288812155659839,23.87443093021676,35.84274285730057
2023-11-20,26013,2,03:00:56,11:59 AM,03:00 PM,1.9,0.0,6.5,16.7,31.6,56.2,31.92231375400115,10.58588149543148,62.0,48.4,25.4,1.760524015680282,18.63669859985261,45.82370183481039
2023-11-20,26014,1,06:38:07,12:03 PM,06:41 PM,4.85,0.0,18.3,0.0,85.1,111.0,77.6713749999999,11.70582115795201,88.4,64.0,66.0,1.429097914128598,16.72876459999163,43.35274068966925
2023-11-20,26016,1,06:06:58,06:50 AM,12:57 PM,3.6,0.0,13.95,48.55,73.4,142.8,63.45751337499951,10.37546771505124,90.4,58.8,50.3,2.250324546380023,23.34816967935325,38.65936061437026
2023-11-20,26016,2,01:18:23,01:45 PM,03:04 PM,0.7,0.0,2.55,6.100000000000001,16.2,25.1,14.60221850000016,11.1775433978313,58.4,52.4,10.9,1.718916889238421,19.21326812672762,46.38382328371461
2023-11-20,26016,3,05:08:35,06:50 PM,11:58 PM,4.0,0.0,11.1,36.9,39.8,90.39999999999999,38.60267337499954,7.505785803402556,90.4,70.8,32.4,2.341806722084337,17.5770996489333,36.06724033177656
2023-11-20,26017,1,04:40:26,04:36 PM,09:17 PM,4.050000000000001,0.0,9.200000000000001,37.55,38.5,89.4,37.35993137500009,7.993328952216826,87.2,68.0,33.8,2.39293801433006,19.12754071080471,37.76516128970726
2023-11-21,26003,1,07:02:10,06:05 AM,01:07 PM,3.7,0.0,18.3,78.64999999999999,36.80000000000001,138.9,31.8452637499995,4.525975108566846,84.0,53.2,31.8,4.361716112337181,19.74101855507303,39.55602364407012
2023-11-21,26005,1,07:55:25,06:36 AM,02:31 PM,5.85,0.0,21.55,56.40000000000001,81.6,167.8,66.95396799199989,8.449931105037672,88.4,51.2,75.4,2.506199483502604,21.177212971078,41.06265811399547
2023-11-21,26008,1,05:57:50,08:14 AM,02:12 PM,3.8,0.0,13.0,46.05,45.2,107.9,42.64220624600057,7.150067186101633,83.6,59.6,37.8,2.530356881103449,18.09222170470424,42.79556288518837
2023-11-21,26009,1,07:08:12,06:47 AM,01:55 PM,3.95,0.0,18.05,56.99999999999999,64.8,141.1,66.95272524999928,9.381512178888268,87.6,56.8,46.8,2.107457156869078,19.7711349836525,40.88386405122913
2023-11-21,26009,2,04:27:22,02:51 PM,07:18 PM,2.95,0.0,11.3,44.55,42.3,99.4,47.06885325000076,10.56276472385006,71.2,48.0,32.3,2.111799908785719,22.30644558035158,44.0539326807088
2023-11-21,26010,1,04:24:20,07:50 AM,12:15 PM,4.0,0.0,10.9,31.7,40.8,90.7,35.88417525000023,8.145210018915561,83.2,63.6,39.3,2.527576553400079,20.58764186633039,40.96699988516892
2023-11-21,26011,1,04:18:23,06:40 AM,10:59 AM,3.85,0.0,10.05,44.90000000000001,45.4,105.8,42.25322799999958,9.811753905695575,90.0,67.2,38.1,2.503950704074042,24.56814810036767,37.78044178582886
2023-11-21,26011,2,02:29:46,11:51 AM,02:21 PM,1.95,0.0,5.45,17.95,20.1,46.5,20.42757162500038,8.183758941687223,66.8,56.4,19.3,2.276335183330883,18.62897841086134,45.37471981048595
2023-11-21,26011,3,03:25:03,03:51 PM,07:16 PM,2.95,0.0,8.0,29.3,26.8,69.6,27.57333812499928,8.068277432333367,52.0,35.2,20.8,2.524177511060852,20.36576444769568,43.8873235379948
2023-11-21,26012,1,07:37:24,06:48 AM,02:26 PM,6.2,0.0,18.9,59.2,75.7,158.3,64.46724125000037,8.456568594228296,88.8,54.0,70.8,2.455510689314615,20.76519457804984,41.22156567346092
2023-11-21,26012,2,05:16:37,06:41 PM,11:58 PM,5.550000000000001,0.0,13.1,45.4,50.6,114.3,48.69995212499998,9.22881653155761,91.2,66.8,39.9,2.347024894534227,21.66026214665474,47.02316460911234
2023-11-21,26013,1,08:17:35,06:45 AM,03:03 PM,4.100000000000001,0.0,18.15,72.69999999999999,74.6,169.9,74.48622725400128,8.981759106159926,86.8,48.4,53.1,2.280958591453875,20.48702059956456,41.47057651043399
2023-11-21,26014,1,01:43:32,06:51 AM,08:35 AM,1.6,0.0,3.5,0.0,17.3,24.1,15.76728912499857,9.137514624918682,90.0,84.0,12.8,1.528480882727657,13.96651641983258,34.34138460251003
2023-11-21,26016,1,00:07:03,12:01 AM,12:09 AM,0.09999999999999964,0.0,0.25,0.9499999999999957,0.0,1.400000000000006,0.6213709999992716,5.288263829781035,70.4,70.0,0.7000000000000028,2.253082297052239,11.91489361702133,34.53799993991851
2023-11-21,26016,2,08:07:35,06:59 AM,03:07 PM,4.100000000000001,0.0,17.55,68.5,84.5,172.3,76.66164712499994,9.433667053495123,86.4,47.2,57.5,2.247538455820781,21.20252948213981,41.740740640958
2023-11-21,26017,1,06:35:02,12:14 PM,06:49 PM,5.45,0.0,14.35,64.9,90.8,175.3,76.1179474999999,11.56124424099231,92.0,54.0,65.2,2.303004820249524,26.62560121508733,44.53964975691094
2023-11-22,26005,1,08:03:28,06:37 AM,02:41 PM,5.6,0.2,17.2,31.45,78.00000000000001,129.6,65.47634775400002,8.12585672622725,88.4,60.0,73.3,1.979340700048173,16.0838389409818,50.30021161241687
2023-11-22,26009,1,06:46:05,12:20 PM,07:07 PM,4.4,0.0,14.95,32.9,80.10000000000001,129.8,77.51603224999963,11.45322044325872,83.2,53.6,67.7,1.674492311234114,19.17832957110609,52.85155534956203
2023-11-22,26010,1,07:25:17,06:47 AM,02:12 PM,5.45,0.0,22.85,43.45,54.6,130.2,56.38941824999984,7.598229804993053,88.4,60.0,53.4,2.308943841604544,17.5438859153348,50.07889190364575
2023-11-22,26010,2,04:18:18,02:40 PM,06:58 PM,3.65,0.0,8.2,19.85,39.7,72.69999999999999,44.35035512499962,10.30205693960502,60.0,42.4,34.9,1.639220245138919,16.88734030197445,53.01123214322478
2023-11-22,26011,1,04:15:18,06:49 AM,11:04 AM,3.55,0.0,9.2,23.45,43.1,78.19999999999999,44.03966962499999,10.35009861927144,88.4,71.6,37.9,1.775671812842307,18.37837837837838,48.90828240114119
2023-11-22,26011,2,02:18:42,11:40 AM,01:59 PM,1.7,0.0,4.55,8.5,17.6,32.2,17.5537307500008,7.593538896900128,71.6,64.4,18.5,1.834367887863299,13.92934390771449,51.85037411751492
2023-11-22,26011,3,04:23:20,03:47 PM,08:11 PM,3.35,0.0,8.85,17.9,33.2,63.8,35.49581837499954,8.087654819620148,60.8,45.6,29.2,1.797394817777626,14.53670886075949,52.10216708890407
2023-11-22,26012,1,00:31:09,12:01 AM,12:32 AM,0.3999999999999995,0.0,1.25,4.299999999999997,3.500000000000007,9.500000000000014,4.815625249999357,9.275682664525247,66.4,64.4,3.699999999999996,1.972744868384699,18.29855537720709,49.54999999999998
2023-11-22,26012,2,07:31:19,06:48 AM,02:19 PM,6.1,0.0,16.75,33.05,70.0,124.3,65.16628362500069,8.663489089331307,58.0,28.0,77.4,1.907428091423538,16.52498245873186,50.14288000488325
2023-11-22,26013,1,04:10:17,06:43 AM,10:54 AM,2.15,0.0,8.600000000000001,28.15,40.7,77.9,42.33152074600002,10.14806384002132,85.6,68.4,28.8,1.840236273754963,18.67483518678831,48.87543205795304
2023-11-22,26013,2,03:06:58,11:59 AM,03:06 PM,1.8,0.0,5.9,12.2,29.6,47.8,31.84650649200012,10.21995216359426,67.2,56.4,23.0,1.50094956292953,15.33963273310751,52.69595717261821
2023-11-22,26014,1,04:47:28,01:49 PM,06:36 PM,4.100000000000001,0.0,8.5,0.0,39.7,53.8,38.68034475000059,8.073355815167098,91.6,80.4,35.8,1.390887292957729,11.2291280148423,53.25019536651936
2023-11-22,26016,1,06:14:02,06:44 AM,12:58 PM,4.25,0.0,12.8,34.05,80.19999999999999,126.0,74.71986275000017,11.98607547901259,84.0,56.0,56.4,1.686298600702391,20.21210230817217,49.54165139850316
2023-11-22,26016,2,01:14:23,01:49 PM,03:03 PM,0.85,0.0,2.55,7.1,15.7,25.3,14.67988987499939,11.84127348196231,56.0,50.0,11.3,1.723446171288192,20.40779744566435,53.80423977661133
2023-11-22,26017,1,07:15:13,01:47 PM,09:02 PM,6.6,0.0,11.75,17.95,83.70000000000002,116.7,59.41860187500015,8.191589122276282,84.4,59.2,72.1,1.964031402918292,16.08853827595451,52.37222552277542
2023-11-25,26006,1,00:21:06,01:35 PM,01:56 PM,0.2000000000000001,0.0,0.5999999999999999,0.05000000000000004,13.6,17.1,9.864264625000033,28.05004158767782,76.8,72.8,2.2,1.733530136312614,48.62559241706161,40.32336352088234
2023-11-25,26009,1,08:29:37,08:38 AM,05:08 PM,7.75,0.0,22.5,60.95,147.0,234.5,97.16626875399925,11.4399243717303,91.2,25.2,52.5,2.413388956960933,27.60898714720215,37.49875190579527
2023-11-25,26010,1,08:15:33,09:22 AM,05:38 PM,5.95,0.0,29.55,49.7,97.89999999999998,197.1,84.19577049999953,10.1942210271415,84.4,40.4,65.5,2.340972697672517,23.86439309857734,37.85615783918368
2023-11-25,26012,1,06:59:09,04:59 PM,11:58 PM,6.850000000000001,0.0,18.1,80.9,76.7,181.4,64.93326949999937,9.29499265179521,94.0,54.0,43.0,2.793637243231711,25.96683764762018,30.43003828579718
2023-11-25,26014,1,00:24:08,11:57 AM,12:21 PM,0.4,0.0,0.8,0.0,14.0,18.1,10.0196073749994,24.91062607044049,91.6,87.6,1.7,1.806458010037653,45.0,38.22800006866454
2023-11-26,26010,1,03:46:09,09:16 AM,01:02 PM,2.95,0.0,12.45,37.35,54.09999999999999,110.1,49.01063762500053,13.00304336723428,88.8,65.2,36.7,2.246451083587567,29.21070086225956,
2023-11-26,26010,2,03:05:57,01:38 PM,04:44 PM,2.6,0.0,10.05,23.85,36.5,75.3,37.43760275000022,12.07989333154081,64.8,47.2,27.7,2.011346733465714,24.29685399300887,
2023-11-26,26012,1,00:34:11,12:01 AM,12:35 AM,0.5499999999999998,0.0,1.449999999999999,7.100000000000009,3.79999999999999,12.80000000000001,4.893296625000403,8.58891655290173,53.6,50.8,2.800000000000004,2.615823437844207,22.46708922476843,
2023-11-26,26016,1,07:05:11,04:53 PM,11:58 PM,4.75,0.0,21.45,33.35,50.7,114.1,48.38926662500035,6.828480257536014,88.8,63.6,34.2,2.357960927249312,16.10128963976324,
2023-11-26,26017,1,03:56:12,09:31 AM,01:27 PM,3.95,0.0,12.65,25.95,74.00000000000001,118.4,49.16598037499989,12.48924141617271,87.6,61.6,44.8,2.408169207589004,30.07620660457239,
2023-11-26,26017,2,03:03:19,02:04 PM,05:07 PM,2.7,0.0,8.649999999999999,19.55,51.5,82.60000000000001,37.43760275000022,12.2534203018457,61.6,42.4,35.8,2.206337851052696,27.03518501681971,
2023-11-27,26003,1,06:29:59,05:54 AM,12:24 PM,3.2,0.0,15.25,67.39999999999999,37.8,131.3,31.61162825399879,4.863535267079603,83.2,54.4,32.7,4.153534862076929,20.20086328475575,47.71099265277513
2023-11-27,26003,2,04:09:17,03:38 PM,07:47 PM,2.8,0.0,11.9,37.55,27.8,80.39999999999999,27.41861674600113,6.599386259651272,65.2,46.4,26.9,2.932314228132093,19.35147422611486,40.64816873102311
2023-11-27,26005,1,07:37:20,06:43 AM,02:20 PM,6.95,0.0,14.95,37.55,88.5,149.7,66.79738250000082,8.763504992711479,90.0,57.2,78.4,2.241105779855942,19.6399416909621,47.93138192829331
2023-11-27,26005,2,05:12:35,03:46 PM,08:59 PM,4.9,0.0,11.9,52.6,57.09999999999999,126.8,42.02083524599948,8.065849474038822,71.6,42.0,52.0,3.017550680696471,24.33910957078113,39.49953852869012
2023-11-27,26006,1,00:46:15,01:14 PM,02:00 PM,0.7000000000000001,0.0,1.25,0.7499999999999999,12.3,16.4,10.64097837499958,13.80451248648594,76.0,72.4,7.0,1.541211665135129,21.27567567567567,48.49221309905359
2023-11-27,26006,2,02:16:41,02:33 PM,04:50 PM,1.95,0.0,4.6,1.85,23.7,32.59999999999999,19.8062006250002,8.694344866479787,77.2,70.0,20.7,1.645949196275985,14.31044994512864,44.78551832811669
2023-11-27,26008,1,07:12:13,06:53 AM,02:05 PM,5.45,0.0,14.55,35.90000000000001,61.5,119.2,53.20427050400031,7.385777727775464,80.0,52.8,53.5,2.240421659216954,16.54725639147033,47.95305372623171
2023-11-27,26009,1,03:57:13,06:51 AM,10:49 AM,2.85,0.0,9.95,24.7,54.5,91.2,50.09865824600092,12.67162015636923,70.8,50.0,35.3,1.820408034725759,23.06751914564744,47.41035477602028
2023-11-27,26009,2,01:21:26,11:51 AM,01:12 PM,0.9500000000000002,0.0,3.049999999999999,0.0,13.90000000000001,17.90000000000001,15.53427499999998,11.44563855914857,44.8,40.4,11.5,1.152290660491077,13.18870241506345,48.71629304885855
2023-11-27,26009,3,04:43:27,07:14 PM,11:58 PM,3.65,0.0,12.6,59.45,42.50000000000001,116.2,45.43713300399941,9.618020745245948,93.2,62.4,36.9,2.55737966543294,24.59693067560416,35.34596471019845
2023-11-27,26010,1,08:29:36,07:40 AM,04:10 PM,7.7,0.0,16.8,41.15000000000001,69.9,140.1,64.38956987499932,7.581189545722054,87.2,57.2,63.4,2.175818230685167,16.49529042386185,47.53570107287317
2023-11-27,26011,1,04:08:17,06:50 AM,10:58 AM,3.65,0.0,9.799999999999999,27.9,44.7,91.0,42.33089937499972,10.22965951198221,50.0,28.4,36.3,2.149729898102374,21.9910049003155,47.4532180924569
2023-11-27,26011,2,01:26:27,11:53 AM,01:20 PM,1.2,0.0,3.05,4.649999999999999,10.2,19.3,10.48563562500021,7.277479901677418,28.4,24.0,9.8,1.840613262774865,13.39502602660497,48.71186243912259
2023-11-27,26012,1,07:42:31,06:48 AM,02:30 PM,6.35,0.1,17.55,39.5,74.30000000000001,136.0,65.24395499999991,8.463775647724395,89.6,60.0,75.5,2.084484302032275,17.64260747360456,47.93593526620927
2023-11-27,26012,2,02:24:44,04:36 PM,07:00 PM,2.0,0.0,6.05,23.0,30.2,60.5,21.5926422499997,8.951348698756208,55.2,40.8,22.6,2.801880348848962,25.08060801473975,40.36913102347265
2023-11-27,26013,1,04:02:15,06:48 AM,10:50 AM,2.6,0.0,8.85,32.05,43.3,86.1,41.86549249599921,10.36916222811126,83.2,64.0,31.0,2.056586340366782,21.32507739938081,47.41990117317387
2023-11-27,26013,2,03:00:56,12:01 PM,03:02 PM,2.05,0.0,6.4,23.0,31.7,62.2,32.31129200000032,10.71487207074439,62.4,47.6,23.9,1.925023610940701,20.62638172439204,48.1837902912118
2023-11-27,26013,3,01:19:24,03:28 PM,04:47 PM,0.4,0.0,2.4,6.850000000000001,12.5,22.1,10.2526214999998,7.747572921914211,47.2,41.6,6.7,2.155546266874323,16.70025188916877,43.80800011157983
2023-11-27,26014,1,00:25:09,12:34 PM,12:59 PM,0.25,0.0,1.0,0.0,14.0,18.0,9.864264624999123,23.53303687872554,84.0,80.0,4.5,1.824768564539762,42.94234592445328,48.70123114952677
2023-11-27,26014,2,02:15:42,01:53 PM,04:09 PM,2.7,0.0,4.05,0.0,27.8,34.1,20.11688612500075,8.89471752026562,89.6,82.4,24.2,1.69509335530917,15.07737656595431,46.21576474273903
2023-11-27,26016,1,00:24:07,12:01 AM,12:25 AM,0.1500000000000004,0.0,0.8500000000000014,2.949999999999996,1.500000000000007,5.399999999999991,2.640826750000087,6.570128749136361,63.6,62.4,2.699999999999996,2.044814185557539,13.43469246717344,47.39000034332275
2023-11-27,26016,2,05:25:45,06:58 AM,12:24 PM,3.5,0.0,11.3,30.7,74.7,117.1,63.53518474999964,11.70256664620101,52.8,24.8,50.7,1.8430732587112,21.5686876438987,47.77420344602135
2023-11-27,26016,3,01:24:27,01:45 PM,03:09 PM,1.05,0.0,2.9,11.75,18.0,32.2,15.76728912500039,11.20233685612816,54.4,46.8,12.0,2.042202673187754,22.87744227353463,47.37200004241046
2023-11-27,26017,1,04:52:29,07:48 AM,12:41 PM,3.15,0.0,9.7,31.2,52.7,95.9,37.59294550000004,7.711812855433367,87.6,66.8,36.9,2.551010534675978,19.67291583566015,47.89621955009348
2023-11-27,26017,2,04:59:32,02:24 PM,07:24 PM,3.8,0.0,10.55,37.05,52.8,105.9,41.32117149999976,8.277109804139727,62.8,38.0,41.2,2.562850862057495,21.21299799688404,42.32682278036678
2023-11-28,26003,1,06:42:03,05:46 AM,12:28 PM,3.35,0.0,54.65,82.4,33.0,143.8,27.18373850799799,4.056769830816762,85.2,53.2,27.5,5.289927283463649,21.4600174107698,33.52546634127089
2023-11-28,26005,1,07:41:22,06:52 AM,02:34 PM,7.05,0.0,16.8,60.8,89.0,175.0,67.49580350399992,8.777721718604138,87.2,47.6,79.9,2.592753784902037,22.75847120872769,34.91439566182059
2023-11-28,26006,1,00:24:07,03:40 PM,04:04 PM,0.2,0.0,1.15,0.6000000000000001,12.5,17.5,9.941936000000169,24.73460234968943,86.4,82.8,4.3,1.760220544569961,43.53835521769178,33.64448005390167
2023-11-28,26008,1,05:22:40,06:45 AM,12:08 PM,4.75,0.0,12.3,52.95,45.9,117.0,41.63185700000031,7.741461012396751,83.2,50.0,39.4,2.810347854528783,21.75619834710743,34.0227639786206
2023-11-28,26008,2,03:30:05,03:36 PM,07:06 PM,2.7,0.0,11.9,41.15,31.0,87.9,28.58306599999923,8.163350860769317,89.2,70.0,30.0,3.075247420973046,25.10432368107894,31.6628857238805
2023-11-28,26009,1,00:15:05,12:01 AM,12:16 AM,0.09999999999999964,0.0,0.6500000000000004,3.0,1.000000000000007,4.700000000000003,2.874462245999894,11.43432495646367,62.0,60.8,2.600000000000001,1.635088443600375,18.69613259668509,33.54800002574921
2023-11-28,26009,2,04:02:14,08:07 AM,12:10 PM,2.55,0.0,10.55,46.35,54.3,111.0,37.51465275400005,9.292194159515633,81.2,56.4,35.1,2.958843861034126,27.49415164441999,35.01767770751443
2023-11-28,26009,3,04:44:28,02:41 PM,07:25 PM,3.2,0.0,12.0,57.75,51.3,120.8,41.86549249599921,8.830312455214267,92.0,65.6,44.7,2.885431241768958,25.4792594328568,32.20843111708383
2023-11-28,26010,1,04:59:32,07:50 AM,12:49 PM,4.05,0.0,16.7,49.9,42.3,117.9,38.68034475000059,7.748121583574567,84.4,59.2,36.6,3.048059699622978,23.61673714667261,35.15794652808078
2023-11-28,26010,2,03:42:45,01:21 PM,05:03 PM,2.3,0.0,7.850000000000001,37.25,47.4,98.2,41.32117149999976,11.13028188552182,64.8,42.0,42.1,2.376505709669934,26.45117845117845,34.65671818773854
2023-11-28,26011,1,04:22:20,06:44 AM,11:06 AM,4.05,0.0,10.25,43.05,46.40000000000001,104.6,43.34062725000058,9.912722878017922,84.8,61.2,38.4,2.413439920853905,23.92376111817027,33.34027586723192
2023-11-28,26011,2,02:29:47,11:49 AM,02:19 PM,1.7,0.0,5.9,20.2,26.2,56.0,26.48593887499919,10.60970067319429,60.8,47.6,23.0,2.114329428316394,22.43240235896295,36.82856005573288
2023-11-28,26012,1,07:37:24,06:36 AM,02:13 PM,6.45,0.0,19.25,70.14999999999999,73.6,167.4,64.70025537500078,8.487134504809896,84.4,46.8,72.4,2.587315908256536,21.95889811980761,34.70138159127618
2023-11-28,26012,2,00:43:13,04:41 PM,05:25 PM,0.5499999999999999,0.0,1.95,12.65,9.599999999999998,24.3,6.058367249999719,8.411153914384492,90.8,85.6,6.8,4.010981671670883,33.736984188199,31.43218181106178
2023-11-28,26012,3,01:38:30,05:31 PM,07:10 PM,1.35,0.0,4.2,20.7,21.2,46.8,16.54400287499993,10.07756520304564,85.2,75.2,17.4,2.828819624464686,28.50761421319797,30.6138181762262
2023-11-28,26013,1,04:00:14,06:49 AM,10:50 AM,2.7,0.0,9.0,44.6,45.00000000000001,100.5,42.79630625400023,10.68868478662417,83.2,60.8,30.4,2.3483335081192,25.10059664215347,33.19865001469843
2023-11-28,26013,2,03:03:57,11:57 AM,03:01 PM,2.1,0.0,7.2,31.45,33.5,75.2,32.07889924600022,10.46335392639311,56.4,38.8,24.0,2.344220087582225,24.52840445773308,36.49109785323578
2023-11-28,26014,1,00:25:08,03:40 PM,04:05 PM,0.25,0.0,0.8999999999999999,0.0,13.1,17.0,10.17495012499967,24.29033186339444,87.2,83.6,4.0,1.670769860407601,40.58355437665783,33.69061543941498
2023-11-28,26016,1,08:27:38,06:43 AM,03:10 PM,5.15,0.0,18.65,77.0,87.60000000000001,188.9,75.03054824999981,8.868276764725174,85.2,42.0,60.2,2.517641206226965,22.32713901109725,34.84474704425792
2023-11-28,26016,2,05:03:36,06:54 PM,11:58 PM,4.85,0.0,12.25,68.05,48.0,132.6,43.10761312500017,8.519291131422959,90.8,61.2,38.0,3.076022780836801,26.20553359683795,28.99477231195654
2023-11-29,26003,1,00:46:15,06:05 AM,06:52 AM,0.6,0.0,2.7,15.0,8.0,31.5,6.447345496000707,8.36412388670362,92.0,85.6,4.5,4.885731658019486,40.86486486486486,23.36957448999934
2023-11-29,26003,2,04:17:05,06:58 AM,11:15 AM,3.75,0.0,10.45,55.45,34.7,107.6,31.30094275400006,7.305244338048636,85.2,62.0,30.5,3.437596140335083,25.11247974068071,27.24286722925019
2023-11-29,26003,3,01:44:33,11:23 AM,01:07 PM,1.3,0.0,3.6,12.9,11.0,29.8,10.56330699999853,6.062156097560133,62.0,55.2,9.799999999999999,2.821086237482651,17.10186513629842,34.16085710780957
2023-11-29,26003,4,02:29:46,04:35 PM,07:05 PM,1.85,0.0,5.85,26.1,25.6,60.3,26.71895300000142,10.70423222791065,89.2,76.4,17.0,2.256824958672475,24.15757845537503,32.0093599978684
2023-11-29,26005,1,01:16:24,06:26 AM,07:42 AM,0.55,0.0,3.4,19.9,8.0,36.0,6.680980991999604,5.246843710994453,87.2,79.6,5.2,5.388430238479884,28.27225130890052,22.98363649071037
2023-11-29,26005,2,06:26:58,07:45 AM,02:12 PM,5.45,0.0,13.85,57.0,58.0,137.3,55.45736175000093,8.598781217159244,79.6,48.0,52.8,2.475775905441403,21.28865535360496,31.15418652879757
2023-11-29,26006,1,00:19:06,01:08 PM,01:27 PM,0.25,0.0,0.5,0.3999999999999999,16.8,18.0,9.941936000000169,31.23121256544555,77.2,73.2,5.4,1.810512560129103,56.54450261780104,35.43799993991853
2023-11-29,26006,2,00:27:08,04:27 PM,04:54 PM,0.35,0.0,0.6499999999999999,0.0,12.9,14.2,10.09727875000044,22.3281348280108,70.4,67.2,4.9,1.406319499696825,31.4004914004914,33.19249997586013
2023-11-29,26008,1,03:20:02,03:43 PM,07:03 PM,2.8,0.0,11.25,37.9,29.4,85.0,27.65100949999942,8.293920529911507,73.6,54.4,28.2,3.074028816199343,25.4957507082153,32.43469999179234
2023-11-29,26009,1,04:13:17,06:50 AM,11:04 AM,3.4,0.0,11.55,56.74999999999999,60.0,129.0,49.63262999600011,11.75741712085282,86.4,58.0,33.2,2.599096602585761,30.55866289399223,26.87739925757929
2023-11-29,26009,2,01:41:32,11:54 AM,01:35 PM,0.7999999999999998,0.0,3.75,7.25,14.1,25.19999999999999,14.52516849600033,8.58348762074872,57.2,51.2,9.899999999999999,1.734919633251696,14.89166119500984,34.86199995279309
2023-11-29,26009,3,04:24:21,02:56 PM,07:21 PM,3.15,0.0,11.6,52.7,44.99999999999999,109.8,43.80665550000049,9.942876224702209,74.0,48.4,37.6,2.506468452036901,24.92150557972385,32.8337954550981
2023-11-29,26010,1,04:14:18,07:54 AM,12:08 PM,3.75,0.0,14.5,45.2,43.8,111.9,34.25307637500009,8.081732530475838,79.6,55.2,39.5,3.266859851504351,26.40188753440818,29.39999213506142
2023-11-29,26010,2,07:05:11,01:57 PM,09:02 PM,7.05,0.0,15.9,73.0,85.9,186.4,60.35065837500042,8.516419197601094,75.6,32.8,75.1,3.08861584975209,26.30394731684371,32.9665660594009
2023-11-29,26011,1,04:16:18,06:42 AM,10:58 AM,3.5,0.0,10.55,50.0,46.7,115.9,42.56391350000013,9.964240382364446,88.0,62.8,36.2,2.722963902273687,27.13226687475615,26.65196098790035
2023-11-29,26011,2,02:25:45,11:52 AM,02:18 PM,1.7,0.0,5.25,13.1,20.7,43.4,20.66058574999988,8.50521540308743,62.4,52.4,18.6,2.100618081459779,17.86620926243568,35.10758903304192
2023-11-29,26011,3,01:38:31,02:52 PM,04:30 PM,1.05,0.0,3.7,18.35,23.4,47.40000000000001,19.5731865000007,11.92073615293563,51.6,40.4,20.1,2.421680292066818,28.86821180849265,34.39400000572198
2023-11-29,26012,1,07:33:23,06:47 AM,02:20 PM,6.75,0.0,19.5,76.30000000000001,81.60000000000001,182.0,64.46724125000037,8.531488016027692,87.2,46.4,62.3,2.823139263772962,24.08557879645628,30.16822126426004
2023-11-29,26012,2,05:01:33,06:56 PM,11:58 PM,3.8,0.0,13.0,53.6,40.0,109.4,40.0784294999994,7.974484397280598,92.0,68.8,33.0,2.729647877045722,21.76753440557122,32.27388703167636
2023-11-29,26013,1,04:07:16,06:45 AM,10:52 AM,2.75,0.0,9.95,53.2,46.8,114.6,42.25322799999958,10.25287279590176,84.4,59.2,30.3,2.712218815566024,27.80803451064977,26.55044539660091
2023-11-29,26013,2,03:11:21,11:59 AM,03:10 PM,1.9,0.0,7.050000000000001,25.8,32.1,67.80000000000001,31.84402100800071,9.985060154063458,57.2,40.8,22.5,2.129128101723255,21.25947217141364,35.25215709421648
2023-11-29,26014,1,00:19:06,01:57 PM,02:17 PM,0.2,0.0,0.55,0.0,16.1,16.8,9.941936000001078,31.23121256544841,77.6,74.0,4.8,1.689811722787008,52.77486910994764,35.87000017166137
2023-11-29,26016,1,00:27:09,12:01 AM,12:28 AM,0.25,0.0,1.0,5.200000000000003,3.199999999999996,9.900000000000006,3.417540499999632,7.552575690606921,60.8,58.4,3.100000000000001,2.896820096206928,21.87845303867405,27.04999999999999
2023-11-29,26016,2,08:06:41,07:04 AM,03:11 PM,4.65,0.0,19.0,90.95,102.5,218.6,85.9045407500007,10.59060808533963,87.6,38.0,69.5,2.544685043322325,26.94976199445224,30.97930724554456
2023-11-30,26003,1,04:29:23,06:07 AM,10:36 AM,2.15,0.0,10.4,46.9,22.0,87.6,20.6618284920005,4.602028247924381,91.2,73.2,17.1,4.239702213863382,19.51122935098682,32.08250544727066
2023-11-30,26003,2,00:12:04,12:17 PM,12:29 PM,0.15,0.0,0.35,0.0,3.1,4.100000000000001,2.17479849999836,10.81391519336201,70.4,69.6,1.4,1.885232126104139,20.38674033149172,48.8120002746582
2023-11-30,26003,3,03:31:05,03:47 PM,07:18 PM,3.1,0.0,7.3,28.8,27.09999999999999,66.1,28.89375149999978,8.212988977496977,93.6,80.0,23.6,2.28769185614407,18.78878799842084,45.08651206572475
2023-11-30,26005,1,07:47:23,06:46 AM,02:34 PM,6.25,0.0,17.75,49.4,85.3,158.5,66.40964699600045,8.525290774367992,86.8,51.2,78.10000000000001,2.386701438264621,20.34732375280819,41.09475105489258
2023-11-30,26006,1,00:22:06,11:21 AM,11:43 AM,0.15,0.0,0.5999999999999996,1.199999999999999,12.3,14.2,9.930129950999799,26.9596288262438,57.2,54.0,3.6,1.42999135661566,38.55203619909501,45.73400020599365
2023-11-30,26006,2,03:21:02,01:34 PM,04:55 PM,1.7,0.0,5.0,5.75,28.8,39.9,22.9130556250002,6.838584003482068,88.8,80.0,26.6,1.741365300770515,11.90847289006798,50.39994029714106
2023-11-30,26008,1,09:25:54,06:47 AM,04:12 PM,6.25,0.0,18.9,50.25000000000001,68.6,145.3,64.00121300000137,6.785779784414353,86.4,54.4,59.9,2.270269471298878,15.40554868351299,42.76230845413279
2023-11-30,26009,1,04:08:15,06:48 AM,10:56 AM,3.0,0.0,10.9,46.2,52.9,110.7,50.02036550000048,12.08951432024181,84.8,60.4,37.9,2.213098582816212,26.75528700906344,33.8405724666772
2023-11-30,26009,2,04:34:26,11:54 AM,04:28 PM,2.55,0.0,9.399999999999999,7.700000000000003,33.90000000000001,52.40000000000001,37.59294549999868,8.2190333900155,59.2,46.8,30.09999999999999,1.393878540323526,11.45633426454513,50.57921896607355
2023-11-30,26010,1,04:20:19,07:51 AM,12:12 PM,4.199999999999999,0.0,8.8,23.9,41.8,81.1,34.79677599999923,8.020256969075948,84.8,67.2,36.9,2.330675692483746,18.69261796529867,39.1576999718409
2023-11-30,26011,1,04:19:19,06:43 AM,11:02 AM,4.100000000000001,0.0,10.1,42.15,45.5,104.0,43.18528450000031,9.992096162992553,88.4,66.0,38.2,2.408227737853603,24.06324313901922,33.93795356041673
2023-11-30,26011,2,02:27:45,11:51 AM,02:19 PM,1.85,0.0,4.75,6.35,19.6,32.8,20.27222887500011,8.232377208121873,65.6,58.0,18.0,1.617976997114967,13.31979695431472,50.55350007237629
2023-11-30,26012,1,00:21:06,12:01 AM,12:22 AM,0.2499999999999996,0.0,0.8499999999999996,3.149999999999999,1.399999999999991,5.599999999999994,2.873840875000496,8.172059360190985,68.4,67.2,3.0,1.948611716366873,15.92417061611373,32.86399998068809
2023-11-30,26012,2,07:38:20,06:48 AM,02:27 PM,5.949999999999999,0.05,17.8,41.45,69.4,133.4,65.16628362499978,8.530858947272698,89.2,60.4,67.1,2.047070855960607,17.46327272727273,40.98971989645206
2023-11-30,26012,3,05:04:33,06:54 PM,11:58 PM,4.25,0.0,12.5,38.15,41.6,96.10000000000001,42.40857074999985,8.354996700049224,92.4,72.0,38.4,2.26605137358939,18.93285174848137,41.08188810521049
2023-11-30,26013,1,04:08:17,06:44 AM,10:53 AM,2.9,0.0,9.35,43.0,44.3,99.00000000000001,42.40981349199865,10.24872984971438,84.0,62.0,31.7,2.33436537085168,23.92428005638719,33.54037891386013
2023-11-30,26013,2,03:07:58,11:57 AM,03:05 PM,2.0,0.0,6.15,12.8,30.5,50.4,32.07765650400142,10.23936543841152,58.4,46.4,23.0,1.571187096966171,16.08795885795354,50.88582974596245
2023-11-30,26014,1,00:18:06,10:54 AM,11:12 AM,0.2,0.0,0.6,0.0,15.5,18.6,10.09727874999953,33.47164226519182,72.4,68.4,2.8,1.842080471434035,61.65745856353591,45.73400020599365
2023-11-30,26016,1,08:20:37,06:57 AM,03:17 PM,4.25,0.0,17.3,59.34999999999999,84.8,162.9,76.50630437499967,9.169447539700997,85.2,48.8,58.7,2.129236294064566,19.5239204980524,42.28449292073006
2023-11-30,26016,2,02:25:45,04:37 PM,07:02 PM,2.3,0.0,5.300000000000001,19.8,30.4,56.4,22.60237012499965,9.304577753001572,80.0,67.2,26.3,2.495313530753044,23.21783876500858,44.08946580233646
2023-11-30,26017,1,00:30:10,01:01 PM,01:31 PM,0.25,0.0,1.5,6.600000000000001,7.600000000000001,15.6,6.990423749999991,13.90360524861877,91.6,88.4,4.8,2.231624370411024,31.02762430939226,51.34999999999997
2023-11-30,26017,2,04:29:22,02:02 PM,06:31 PM,3.45,0.0,11.4,16.75,39.9,70.8,40.46678637500008,9.013762588169799,88.4,72.8,28.9,1.749582962776096,15.77032545477045,47.99450559509725
