Unnamed: 0,Unnamed: 1,Unnamed: 2,Unnamed: 3,Unnamed: 4,Unnamed: 5,Unnamed: 6,Unnamed: 7,Unnamed: 8,Unnamed: 9,Unnamed: 10,Unnamed: 11,Unnamed: 12,Unnamed: 13,Unnamed: 14,Unnamed: 15,Unnamed: 16,Unnamed: 17,Unnamed: 18,Unnamed: 19
Date,Bus,ID,Duration,Start Time,End Time,Air Compressor Energy [kWh],Rear HVAC Energy [kWh],LV Access. Energy [kWh],Electric Heater Energy [kWh],Traction Energy [kWh],Energy Used [kWh],Mileage [miles],Average Speed [mph],SOC Start [%],SOC End [%],Regen Energy [kWh],Net Energy Consumption [kWh/mile],Average Power Consumption [kW],Average Temperature [Â°F]
2024-01-03 00:00:00,26003,1,07:35:19,06:17 AM,01:53 PM,5.95,0,25.35,100.8,85.89999999999998,226.7,68.08610595400023,8.972143249547965,90,36.8,58.4,3.329607367370388,29.8737142647974,35.03268145672277
2024-01-03 00:00:00,26005,1,03:04:57,01:25 PM,04:30 PM,1.95,0,7,28,40.29999999999999,85.7,32.31129200000032,10.48217096512581,88,68.4,32.6,2.652323528257525,27.80210867802109,42.00576226311763
2024-01-03 00:00:00,26006,1,02:56:54,04:25 PM,07:22 PM,2.15,0,6.8,31.4,31.1,81.1,30.21416487500028,10.24787955059365,93.2,75.6,19.1,2.684171491600734,27.50706613906162,37.90420335511025
2024-01-03 00:00:00,26008,1,05:21:48,08:03 AM,01:25 PM,2.95,0,15.75,32.25,69.2,117.9,46.75692500800142,8.717885333996536,84.8,52,22.2,2.52155161999691,21.98259788688627,36.67927104173449
2024-01-03 00:00:00,26008,2,02:37:51,04:29 PM,07:07 PM,1.85,0,6.550000000000001,25.15,42,73.5,29.98115074999987,11.3960661704149,78.8,62.4,33.5,2.451540323214589,27.93791574279379,37.96825312783444
2024-01-03 00:00:00,26009,1,10:39:16,06:55 AM,05:35 PM,6.75,0,28.3,87.45,132.7,250.9,112.2345155039984,10.53405610111571,90.8,34.4,63.6,2.235497688686165,23.54885806653457,37.56007853842793
2024-01-03 00:00:00,26010,1,08:08:30,01:40 PM,09:48 PM,4.5,0,24.85,53.15,63.40000000000001,152.5,64.54491262499869,7.927727241555621,92.8,60,61.8,2.362695893416326,18.73080859774821,38.71466529619007
2024-01-03 00:00:00,26011,1,07:16:16,06:49 AM,02:05 PM,5.9,0,24.4,77.75,79.2,198.5,64.54491262499869,8.876898129966202,90.8,46,67.7,3.075377933397645,27.29981662591687,35.76812418982925
2024-01-03 00:00:00,26012,1,08:13:31,06:48 AM,03:01 PM,6.25,0,20.35,74.14999999999999,102.2,201.7,70.21492299999954,8.536480456587023,92.4,47.6,31.1,2.872608718804709,24.52196818749789,36.54057324030795
2024-01-03 00:00:00,26012,2,03:36:07,04:34 PM,08:11 PM,2.85,0,11,22.4,33.59999999999999,69.5,29.3597797500006,8.151091779131807,76.4,60.8,28.7,2.367183970445098,19.29513380118763,37.46266660292939
2024-01-03 00:00:00,26013,1,09:02:54,10:41 AM,07:44 PM,5.25,0,20.65,58.35,72.60000000000001,159.7,68.81683825000073,7.605471164118702,86.8,49.6,55.3,2.32065296897011,17.64965923742863,40.04017747448898
2024-01-03 00:00:00,26014,1,00:24:07,02:10 PM,02:34 PM,0.45,0,0.7999999999999998,4.95,9.7,15.7,6.524395499998718,16.23208279198023,84.4,81.2,5.3,2.406353201611259,39.06012439530063,42.85400037765501
2024-01-03 00:00:00,26016,1,05:41:34,06:55 AM,12:36 PM,4.5,0,13.65,48.55,62.5,137.6,48.38926662499944,8.500115148335999,90.4,60.8,46.2,2.843605815858996,24.1709768712794,34.24331118235795
2024-01-03 00:00:00,26016,2,03:14:37,02:56 PM,06:10 PM,2.2,0,6.75,24.35,37.8,68.5,33.86471950000123,10.44043762952851,93.6,79.2,27.7,2.022754093681405,21.11843795495419,39.93175124677371
2024-01-03 00:00:00,26017,1,08:49:42,10:29 AM,07:18 PM,8.35,0,19.15,66.60000000000001,84.50000000000001,182.1,68.73916687499968,7.78619975929768,82.4,41.2,68.8,2.649144705683499,20.62676986973759,40.12376139380696
2024-01-04 00:00:00,26003,1,02:44:51,04:22 PM,07:07 PM,2.15,0,6.65,29.8,30.4,71.4,30.29183625000042,11.02523612374901,88,72.4,21.3,2.357070710759538,25.98726114649682,36.05687274672764
2024-01-04 00:00:00,26006,1,04:53:29,06:56 AM,11:50 AM,4.25,0,11.05,50.55,46.2,115.2,39.14637300000049,8.003120154466567,90.8,66,38.5,2.942801367574936,23.55159293543075,35.54753586213536
2024-01-04 00:00:00,26006,2,03:00:56,12:52 PM,03:52 PM,2.65,0,6.95,21.3,28.3,60.1,23.68976937499974,7.855855724944645,65.2,51.2,25.2,2.53696011339919,19.92999263080324,41.75261898198836
2024-01-04 00:00:00,26008,1,03:13:59,01:21 PM,04:35 PM,1.4,0,7.499999999999999,26.4,39.09999999999999,72.3,29.43682975400043,9.104956363467783,91.6,76,30,2.456106877140006,22.36274594037288,41.24615488003207
2024-01-04 00:00:00,26009,1,05:29:41,03:49 PM,09:18 PM,2.9,0,14.05,61.4,29.3,105.3,29.74875799599977,5.414060400667265,93.2,70.8,24.2,3.539643571478157,19.16384409281634,34.64605474638704
2024-01-04 00:00:00,26010,1,07:34:19,01:45 PM,09:19 PM,4.850000000000001,0,26.4,70.25,67.1,177.1,64.70025537500078,8.544734559228248,88.4,49.6,62,2.737238036751688,23.38897244946623,36.53790737793139
2024-01-04 00:00:00,26011,1,06:09:04,06:43 AM,12:52 PM,4.25,0,20.45,65.05000000000001,61.50000000000001,152.5,54.91366212499997,8.927437845466036,91.2,57.6,56.9,2.777086686603859,24.79226878612717,36.52122826139735
2024-01-04 00:00:00,26011,2,03:47:12,04:32 PM,08:20 PM,2,0,7.8,36.65,40.09999999999999,87,31.06854999999996,8.204722711267594,92.8,74.4,33.5,2.800259426333064,22.97535211267606,34.69310131398591
2024-01-04 00:00:00,26012,1,04:48:29,06:43 AM,11:32 AM,3.5,0,16.8,44.95,65.1,129.5,53.12722050000048,11.04962700329318,91.6,63.6,41.9,2.437545175170586,26.93396498931192,35.08537501934909
2024-01-04 00:00:00,26012,2,01:19:24,12:01 PM,01:21 PM,1.15,0,3.55,7.35,13.6,25.4,10.7186497499988,8.099735327455015,63.2,57.6,9.6,2.369701463563807,19.19395465994963,42.14929995536799
2024-01-04 00:00:00,26012,3,03:30:04,02:42 PM,06:12 PM,2.35,0,9.7,23.05,29.1,63.90000000000001,24.00045487500029,6.855096600285705,84,70,23.4,2.662449538261063,18.25134877816566,38.8477144694329
2024-01-04 00:00:00,26013,1,08:44:49,10:40 AM,07:25 PM,3.55,0,10.2,40.90000000000001,47.7,101.4,75.41828375399928,8.622243371158099,87.2,46.4,37.9,1.344501557881486,11.59261964495538,39.28865527284556
2024-01-04 00:00:00,26014,1,08:15:32,11:05 AM,07:20 PM,8.5,0,22.95,73.5,70.5,179.8,69.28286650000155,8.388884683169836,84.8,45.2,58.5,2.59515821274508,21.77048298129961,39.36382565619254
2024-01-04 00:00:00,26016,1,04:10:19,06:41 AM,10:52 AM,2.65,0,9.95,44.95,56.1,114.3,49.70967999999993,11.91523057460548,91.2,67.2,37.4,2.299350951364003,27.39729675744058,34.38435198506109
2024-01-04 00:00:00,26016,2,05:20:40,12:00 PM,05:21 PM,3.35,0,11.65,41.75,68.1,123.3,61.36038625000037,11.48115335239092,65.6,36.8,51,2.009439762938247,23.07068607068607,40.93182514011846
2024-01-04 00:00:00,26017,1,11:29:30,07:50 AM,07:20 PM,6.5,0,33.2,97.2,105.2,246.8,78.44808875000035,6.826519688179871,88.4,34,77.5,3.146029481820854,21.47643219724438,38.24277736229683
2024-01-05 00:00:00,26002,1,02:22:46,10:59 AM,01:22 PM,1.65,0,4.949999999999999,15.45,16,40,14.44811849199687,6.072055401726444,64.8,56,15.5,2.768526574734066,16.81064674293719,
2024-01-05 00:00:00,26004,1,00:19:06,11:15 AM,11:34 AM,0.25,0,0.7,0,6.3,10,3.805897375001223,11.95569856021326,38.4,36,0.3,2.627501221048239,31.41361256544502,
2024-01-05 00:00:00,26008,1,02:02:38,01:35 PM,03:37 PM,1.2,0,4.25,5.95,20.6,31.2,17.86317350799982,8.739796769339405,93.6,86.4,9.6,1.746610141027149,15.26501766784452,
2024-01-05 00:00:00,26008,2,04:10:16,04:12 PM,08:22 PM,2.75,0,10.7,44.6,42.8,98.5,42.72049899200101,10.24199496345256,90,68.8,31.9,2.305684678880814,23.61481086840703,
2024-01-05 00:00:00,26009,1,04:03:15,06:47 AM,10:50 AM,3,0,14.6,53.85,58.90000000000001,128,50.17446550800014,12.37602438018503,90.8,62.8,30.5,2.551098426341798,31.57245632065776,25.31651861402713
2024-01-05 00:00:00,26009,2,05:02:36,11:54 AM,04:56 PM,3.5,0,16.6,46.44999999999999,51.29999999999999,115.8,48.69933075399967,9.656179263846598,62.4,35.2,34.8,2.377856085640136,22.96100462656973,27.39200010299667
2024-01-05 00:00:00,26010,1,07:31:18,01:43 PM,09:14 PM,4.649999999999999,0,26.25,66.39999999999999,66.5,176.1,65.32162637500005,8.684461738311551,89.6,51.6,62.1,2.695891234995293,23.4123642809661,27.3920001029966
2024-01-05 00:00:00,26011,1,05:46:49,06:43 AM,12:29 PM,4.25,0,19.35,71.10000000000001,60.59999999999999,160.2,53.12722050000048,9.191118929309516,88.4,52.8,53.7,3.015403374998671,27.71493103945408,25.86647408766536
2024-01-05 00:00:00,26011,2,00:12:03,08:47 PM,08:59 PM,0.2,0,0.5,4,3.2,8.5,2.407812625000588,11.98910850622699,92.4,90.4,1.2,3.530175027634438,42.32365145228216,27.39200010299682
2024-01-05 00:00:00,26012,1,06:35:04,06:45 AM,01:20 PM,4.649999999999999,0,24.55,61.7,87,177.1,62.91381374999946,9.554916026830833,91.2,52.8,39.1,2.814962079770622,26.89672629092137,26.0787767492573
2024-01-05 00:00:00,26012,2,03:25:03,02:47 PM,06:12 PM,2.35,0,11.55,23.9,28.6,66.30000000000001,24.2334690000007,7.090993123628587,76.8,62,23,2.73588564641728,19.40014630577908,27.39200010299677
2024-01-05 00:00:00,26013,1,08:37:39,10:40 AM,07:17 PM,6.5,0,19.05,83.35,79.30000000000001,194.5,74.17678449599953,8.597714806838543,90.8,48,60,2.622114200845275,22.54419008982904,27.39200010299659
2024-01-05 00:00:00,26014,1,08:24:35,10:45 AM,07:10 PM,8.1,0,23.25,79.1,73.7,193.4,67.72943899999882,8.05370703220465,90,41.6,60.3,2.855479136627773,22.99719240297275,27.39200010299659
2024-01-05 00:00:00,26016,1,09:17:52,06:50 AM,04:07 PM,6.5,0,24,82.9,79.8,198,67.34108212499996,7.242707207516726,88,44,61.7,2.940255691651467,21.29541108986616,26.50174470342296
2024-01-05 00:00:00,26016,2,06:09:53,05:48 PM,11:58 PM,5.6,0,19.8,63.5,55.99999999999999,145.2,54.68064799999956,8.869928932546228,83.6,50.4,41.6,2.655418421522751,23.55337268508088,27.39200010299664
2024-01-05 00:00:00,26017,1,04:14:18,07:47 AM,12:01 PM,2.7,0,11.9,48.5,49.09999999999999,114.5,37.59294549999959,8.869747267007375,86.4,61.6,32.5,3.045784215019844,27.01533621706646,26.51191351207213
2024-01-05 00:00:00,26017,2,00:07:02,12:09 PM,12:16 PM,0.09999999999999999,0,0.25,0.15,0.5000000000000001,1.1,0.4660282499999084,3.975596445496849,61.2,61.2,0.6,2.36037193024289,9.38388625592417,27.39200010299683
2024-01-05 00:00:00,26017,3,04:43:28,02:37 PM,07:20 PM,3.75,0,12.7,49.3,53.4,120.4,42.64158487500026,9.025735274576727,92.8,67.2,42.4,2.823534827632254,25.48447789275635,27.39200010299669
2024-01-06 00:00:00,26010,1,07:40:21,09:29 AM,05:09 PM,5.55,0,27.95,89.30000000000001,95.49999999999999,228.2,80.07918762500049,10.43717010426855,88.8,38.4,59.7,2.849679258343982,29.742587161942,0.4270152505446623
2024-01-06 00:00:00,26012,1,05:11:36,12:03 PM,05:14 PM,4.5,0,18.6,61.55,27,111.6,18.09743037500084,3.484742690950098,92.8,69.2,12.8,6.166621320679888,21.48908857509628,1.318327974276527
2024-01-06 00:00:00,26016,1,03:04:57,12:01 AM,03:06 AM,0.6499999999999995,0,6.699999999999999,27.65000000000001,8.299999999999997,45.59999999999999,8.000151625001308,2.595345214923376,50,38.8,5.700000000000003,5.699891969234088,14.79318734793187,-0.03783783783783784
2024-01-06 00:00:00,26016,2,04:37:25,04:21 PM,08:59 PM,4.3,0,11.5,62.90000000000001,51.10000000000001,132.7,44.73871200000031,9.676140775007577,92,64,22.3,2.966111317643635,28.70051066386302,0.332129963898917
2024-01-06 00:00:00,26016,3,02:39:49,09:18 PM,11:58 PM,1.7,0,6.199999999999999,27.69999999999999,13.5,51.10000000000002,12.89344824999898,4.840589602669344,62,50,8.900000000000002,3.963253197220073,19.18448221920952,1.75625
2024-01-06 00:00:00,26017,1,06:53:06,08:49 AM,03:42 PM,5.7,0,18.1,95.45,93.9,218.7,74.87520549999954,10.87512062454605,90,41.6,51.1,2.920860097005027,31.76470588235294,0.4320388349514563
2024-01-07 00:00:00,26002,1,00:08:03,04:02 PM,04:10 PM,0.15,0,0.35,2.3,2.9,6.7,2.096505754001555,15.62612984348985,93.6,91.2,0.6,3.195793756927142,49.93788819875777,4
2024-01-07 00:00:00,26005,1,07:45:23,09:38 AM,05:24 PM,7.85,0,17.9,75.6,143.8,247.1,96.15716225000142,12.3971558965729,86,29.2,91.6,2.569751375956359,31.8576084231637,2.928879310344827
2024-01-07 00:00:00,26008,1,00:10:03,10:22 AM,10:32 AM,0.15,0,0.65,2.75,3.9,7.199999999999999,2.407191253998462,14.37129106864754,64.4,62.4,0.4,2.991037786482668,42.98507462686567,1.363636363636364
2024-01-07 00:00:00,26009,1,00:27:08,11:47 AM,12:14 PM,0.2,0,2.05,8.6,14.2,24.6,10.64159974599897,23.53179305012058,89.6,84.4,2.1,2.311682508943179,54.3980343980344,2.392857142857143
2024-01-07 00:00:00,26010,1,00:14:04,11:07 AM,11:21 AM,0.2,0,0.8,3.3,2.4,8.3,2.407812624998769,10.27029081753029,30,28,1.3,3.44711208581035,35.40284360189574,1
2024-01-07 00:00:00,26012,1,00:11:03,11:50 AM,12:01 PM,0.2,0,0.7999999999999998,2.9,4.3,7.999999999999998,2.407812624998769,13.07409570135078,63.6,62,0.8,3.322517673070216,43.43891402714931,2.166666666666667
2024-01-07 00:00:00,26014,1,00:10:03,10:21 AM,10:32 AM,0.25,0,0.75,2.55,4.1,8.8,2.407812625000588,14.37500074627217,34.8,32.8,1.1,3.654769440374478,52.53731343283582,1
2024-01-07 00:00:00,26014,2,07:02:09,04:56 PM,11:58 PM,6.7,0,16.85,65.39999999999999,73.5,167.3,68.58382412500032,9.747789760748594,86.8,39.6,60.5,2.439350708923439,23.77827786331872,2.152380952380952
2024-01-07 00:00:00,26016,1,00:04:01,12:01 AM,12:05 AM,0.09999999999999964,0,0.1499999999999986,0.2000000000000028,1,1.5,0.6213709999992716,9.281890456420655,50,49.6,0.2000000000000028,2.414016746841675,22.40663900414938,1
2024-01-07 00:00:00,26016,2,02:08:40,12:21 AM,02:29 AM,0.2999999999999998,0,4.5,19.7,3.799999999999997,30,4.194254250000085,1.955869857512993,48.4,41.2,2.5,7.152642212855691,13.98963730569948,1.775193798449612
2024-01-07 00:00:00,26017,1,00:11:04,10:43 AM,10:54 AM,0.15,0,0.6500000000000001,2.8,2.6,7.6,2.407812625000588,13.05440579819596,33.2,31.2,1.3,3.156391789414321,41.20481927710843,1
2024-01-08 00:00:00,26002,1,09:09:27,07:08 AM,04:17 PM,8.85,0,19.05,62.65000000000001,79.1,174.4,70.68219399199734,7.718503302429411,88.4,50,70.5,2.467382379496392,19.04449904449904,42.67587920702433
2024-01-08 00:00:00,26003,1,00:26:08,09:35 AM,10:02 AM,0.15,0,1.3,8,12,24.5,10.64159974600079,24.43224431479774,90,84.8,4.4,2.302285425573097,56.25,41.57600030899048
2024-01-08 00:00:00,26003,2,00:22:02,05:14 PM,05:36 PM,0.25,0,1,6.2,12,20.9,9.785350507998373,26.64694540755987,79.6,75.2,3.9,2.135845822070115,56.91376701966718,38.51599979400635
2024-01-08 00:00:00,26006,1,09:00:52,06:58 AM,03:59 PM,7.75,0,19.85,80.35000000000001,80.30000000000003,197.8,64.38956987499932,7.14293268673726,92.8,49.6,66.8,3.071926095856718,21.94256132133613,42.65616739071
2024-01-08 00:00:00,26006,2,00:21:06,07:20 PM,07:41 PM,0.2,0,0.95,6.949999999999999,11.4,19.6,10.71864975000062,30.47957274881693,93.2,88.8,4.3,1.82858853093869,55.7345971563981,32.93599996566774
2024-01-08 00:00:00,26008,1,08:48:01,08:18 AM,05:06 PM,3.7,0,19.35,35.85,72.8,128.4,55.68975450399739,6.328181440434033,87.2,59.2,42.7,2.305630562454419,14.59044853382153,42.67187430899517
2024-01-08 00:00:00,26009,1,02:10:40,10:14 AM,12:24 PM,1.2,0,5.300000000000001,18.15,31,54.6,23.30141249999724,10.69962818877424,79.6,67.6,11,2.34320558893185,25.07142857142857,41.97254979155446
2024-01-08 00:00:00,26009,2,03:07:59,03:57 PM,07:05 PM,2.95,0,7.25,24.05,27.8,61,25.94223925000188,8.280172116322968,94,81.2,26.4,2.351377589735072,19.46981115347105,38.11971258977625
2024-01-08 00:00:00,26009,3,00:29:09,08:22 PM,08:51 PM,0.15,0,1.4,8.65,2.3,12.2,2.253091245998803,4.637580609259972,93.2,90.4,1.9,5.414782921759433,25.1114922813036,31.44500001072884
2024-01-08 00:00:00,26010,1,07:32:19,01:41 PM,09:14 PM,4.8,0,25.4,50.09999999999999,65.19999999999999,153.2,64.62258400000064,8.572213508235466,88,54.8,62.6,2.370688241126329,20.3220457643981,38.11624823203385
2024-01-08 00:00:00,26011,1,06:01:35,06:50 AM,12:51 PM,5,0,13.35,48.3,54.8,126.8,49.6320086249998,8.23577926019817,91.6,64.4,48.3,2.554802908704574,21.04079280940309,41.8402002239228
2024-01-08 00:00:00,26012,1,03:46:10,06:50 AM,10:36 AM,3.75,0,9.75,38.45,50.6,101.4,35.49581837500045,9.416724108327314,90.8,69.2,33.9,2.856674522298535,26.90051584377303,
2024-01-08 00:00:00,26013,1,07:26:35,06:39 AM,02:06 PM,3.95,0,16.2,62.9,69.5,153.9,63.69052750000083,8.557040455308938,89.6,56.4,53.5,2.416371885128413,20.67699197611495,42.24605422664347
2024-01-08 00:00:00,26013,2,02:33:48,04:34 PM,07:08 PM,1.95,0,5.25,28.5,29.4,62.5,22.60174875399935,8.817327212223411,93.6,80.8,25.5,2.765272753018313,24.38231469440832,36.86128557456003
2024-01-08 00:00:00,26014,1,00:05:01,12:03 AM,12:08 AM,0.05000000000000071,0,0.1999999999999993,1.25,0.2000000000000171,1.699999999999989,1.32041337499868,15.79231943520015,39.2,38.8,1.5,1.28747559831533,20.33222591362113,41.57600030899048
2024-01-08 00:00:00,26014,2,00:10:03,02:50 AM,03:00 AM,0.15,0,0.4,3.35,2,5.800000000000001,2.252469875000315,13.44758134328546,85.6,84,1.3,2.574951196627741,34.6268656716418,41.57600030899049
2024-01-08 00:00:00,26014,3,01:23:26,10:43 AM,12:06 PM,1.55,0,3.6,12.95,22.5,42.1,18.64112999999998,13.40552696763882,90.8,81.2,14.9,2.258446778709234,30.27566919696364,41.89357162884304
2024-01-08 00:00:00,26014,4,03:27:03,03:36 PM,07:03 PM,3.5,0,8.15,31.3,47.8,91.1,41.55418562500017,12.04178284230867,91.6,67.6,35.1,2.192318261802047,26.39942042984786,38.67182589510212
2024-01-08 00:00:00,26016,1,09:52:39,06:47 AM,04:39 PM,5.85,0,21.1,76.1,120.8,224.3,105.9437554999986,10.72576618577561,88.8,38.8,83.3,2.117161119514996,22.70817514553278,42.63479668989038
2024-01-08 00:00:00,26017,1,11:30:54,07:52 AM,07:23 PM,6.25,0,28.25,68.45,93.4,201.8,80.7782299999999,7.015043855840199,86.4,42.4,70,2.49819784365169,17.52496743378202,41.23625328436707
2024-01-09 00:00:00,26003,1,02:03:38,11:06 AM,01:09 PM,1.65,0,7.050000000000001,26.35,22.9,62.60000000000001,20.73763575399971,10.06409931442423,89.2,75.2,11.8,3.018666194285248,30.38015637638178,40.63927400112153
2024-01-09 00:00:00,26003,2,04:29:23,02:39 PM,07:08 PM,4.85,0,18.45,31.6,52.59999999999999,108.1,45.74906124600057,10.18973089683858,72.8,46.8,33.2,2.362890014698394,24.0772133886036,47.92009662287849
2024-01-09 00:00:00,26005,1,07:19:14,06:53 AM,02:12 PM,5.05,0,19.1,76.1,57.6,167.9,52.34802126599971,7.150826309387528,92.4,56,47.1,3.207380067850853,22.93541777339303,37.48305475156622
2024-01-09 00:00:00,26005,2,00:41:13,06:26 PM,07:08 PM,0.6,0,1.55,9.75,5.8,17.2,5.903024500003085,8.593161423376912,93.6,90,4.3,2.91376056460396,25.03841488071168,51.88999948501588
2024-01-09 00:00:00,26006,1,00:27:09,07:48 AM,08:15 AM,0.3,0,1.85,8.35,12.3,25.9,9.941936000000169,21.97112928176833,83.6,78,3.5,2.605126405963543,57.23756906077347,32.43199999034403
2024-01-09 00:00:00,26006,2,02:46:51,10:25 AM,01:12 PM,2.3,0,6.4,30.35,25.2,66.3,23.22374112499983,8.351360308660414,74.8,60.4,19.7,2.854837196261611,23.8417740485466,40.14548486321269
2024-01-09 00:00:00,26006,3,02:32:47,03:44 PM,06:17 PM,1.9,0,5.100000000000001,22.6,14.5,43.7,13.90317612499985,5.459957897894561,92,83.2,11.5,3.143166684152214,17.16155776153594,48.28494122449084
2024-01-09 00:00:00,26008,1,04:15:19,02:30 PM,06:45 PM,2.9,0,14.95,32.15,36,84.2,26.79600300400125,6.297121927959038,87.6,64.4,19,3.142259686544558,19.78719237548143,47.34129413380363
2024-01-09 00:00:00,26009,1,05:21:39,01:47 PM,07:09 PM,3.75,0,14.25,53.90000000000001,57.2,127,53.51495600400085,9.98258156455791,90.8,63.6,36.5,2.373168352983515,23.6903466500855,47.14074760686589
2024-01-09 00:00:00,26010,1,07:34:20,01:38 PM,09:12 PM,4.75,0,25.9,47.85,67.69999999999999,152.2,65.32162637500005,8.626480372340433,82.4,48.8,57.9,2.330009346770492,20.0997798972854,48.97137742326751
2024-01-09 00:00:00,26011,1,08:21:34,06:44 AM,03:06 PM,5.8,0,19.4,86.80000000000001,78.9,201.3,75.10821962499904,8.984833875523245,93.6,49.2,62.6,2.68013276050281,24.08054761746527,38.00965994794404
2024-01-09 00:00:00,26011,2,00:25:08,08:04 PM,08:29 PM,0.3,0,1.65,6.45,18.5,27.7,11.02933525000117,26.32997805040067,42.8,36,6.1,2.511484089668692,66.12732095490716,54.19399986267089
2024-01-09 00:00:00,26013,1,07:24:17,06:45 AM,02:09 PM,3.8,0,16.75,73.55000000000001,67.3,163.2,64.079505746,8.653870303695088,82,45.6,48.2,2.546836123344902,22.03998949619237,37.33372907894213
2024-01-09 00:00:00,26014,1,00:23:07,08:33 AM,08:56 AM,0.2,0,1.45,7.499999999999999,12.9,24.6,10.2526214999998,26.61098586878104,91.2,86,4.2,2.399386342312595,63.85003604902668,33.73700000867246
2024-01-09 00:00:00,26014,2,00:29:09,03:06 PM,03:35 PM,0.2,0,1.5,8.950000000000001,12.8,24.8,10.0196073749994,20.62354862778606,77.6,72.4,2.5,2.475146886681425,51.04631217838764,44.34800024032595
2024-01-09 00:00:00,26014,3,03:53:12,06:54 PM,10:47 PM,3.15,0,8.55,26.3,32.8,70.8,33.86471950000123,8.713049614065497,91.2,73.2,23.5,2.090671384418153,18.21612349914237,55.30304738564548
2024-01-09 00:00:00,26016,1,00:05:46,06:44 AM,06:50 AM,0.05,0,0.3999999999999999,1.949999999999999,3.7,6.300000000000001,2.252469875000315,23.43610274566802,84.4,83.2,0.7,2.796929748061167,65.54913294797689,31.27279999613762
2024-01-09 00:00:00,26016,2,00:10:03,06:59 AM,07:09 AM,0.15,0,0.5999999999999996,2.75,1.399999999999999,4.899999999999999,1.553427500000907,9.274194029856163,82,81.2,1.8,3.154315215867581,29.25373134328357,31.38799999356269
2024-01-09 00:00:00,26016,3,00:10:01,07:29 AM,07:39 AM,0.04999999999999993,0,0.3499999999999996,1.849999999999998,2.400000000000003,4.5,3.805897375001223,22.79738860233677,78.4,36.8,1.3,1.182375549471707,26.95507487520798,31.38799999356269
2024-01-09 00:00:00,26017,1,11:09:24,08:08 AM,07:17 PM,7.45,0,30.55,83.7,127.5,253.2,104.9340276249995,9.405499936510267,89.2,32.8,88.5,2.412944644656692,22.6949507021213,42.75625481294555
2024-01-10 00:00:00,26003,1,07:36:19,11:38 AM,07:14 PM,7,0,21.8,45.55,72.8,148.2,69.90423750000082,9.191542970890206,87.2,53.2,53.8,2.120043151890445,19.48646773074254,46.5870022203633
2024-01-10 00:00:00,26005,1,07:01:28,06:55 AM,01:56 PM,4.75,0,14.35,39.09999999999999,57.1,117.4,51.72913574999984,7.364160419962015,91.6,66.8,51.1,2.269514042673724,16.71306548560582,47.56022860731441
2024-01-10 00:00:00,26005,2,01:16:23,05:50 PM,07:07 PM,0.7,0,2.75,13.8,8.4,25.6,6.058367249999719,4.758918197686884,93.2,88,2.5,4.225560938056567,20.10909884355226,45.66714300428118
2024-01-10 00:00:00,26006,1,03:08:58,01:45 PM,04:54 PM,2.3,0,6.550000000000001,25.2,42.3,76.3,34.33074775000023,10.90057257893816,90,73.6,36.6,2.222497469487815,24.22649497265832,46.54247605005889
2024-01-10 00:00:00,26008,1,01:13:22,06:42 AM,07:56 AM,0.35,0,2.9,8.599999999999998,6.499999999999999,18,6.758030996003072,5.52678591222423,89.2,85.6,4.2,2.663497697871733,14.72058155383916,48.03751292615318
2024-01-10 00:00:00,26008,2,04:24:21,10:55 AM,03:20 PM,2.55,0,9.6,29.25,32.2,71.8,31.14560000399797,7.069173445204759,84.8,69.2,27.3,2.305301551127076,16.29657650841687,47.16827283664167
2024-01-10 00:00:00,26008,3,00:22:07,04:14 PM,04:36 PM,0.15,0,0.85,4,3.300000000000001,8.1,4.117204245998437,11.16950662064384,68,66.4,3,1.967354426944569,21.97437829691032,46.75999965667724
2024-01-10 00:00:00,26009,1,07:13:13,06:44 AM,01:58 PM,3.45,0,17.05,60.10000000000001,79.1,156.4,77.59432499600007,10.7467229633209,87.6,53.2,59.9,2.015611322194791,21.66121648136037,47.57533335685771
2024-01-10 00:00:00,26009,2,02:36:47,04:37 PM,07:14 PM,1.65,0,5.7,24.2,29.8,60,22.5234560079989,8.61958558826364,83.6,67.2,24.1,2.663889590420396,22.96162432231317,45.91468787709621
2024-01-10 00:00:00,26010,1,00:23:07,11:01 AM,11:25 AM,0.35,0,0.7,0,6.100000000000001,9.7,5.126310749999902,13.30549293439052,92.8,90.8,3.6,1.892198985400989,25.17664023071377,47.96599979400636
2024-01-10 00:00:00,26010,2,07:36:20,01:47 PM,09:23 PM,4.65,0,24.3,49.05,61.8,146.6,64.62258399999882,8.496760496712774,89.6,58,59.3,2.26855676337552,19.27538349159971,45.84939775383074
2024-01-10 00:00:00,26011,1,07:37:21,06:43 AM,02:21 PM,6,0,17.05,49.2,65.4,140.3,64.46724124999855,8.45749311249571,93.6,64,59.6,2.176299113776691,18.40603476549688,47.51445717130435
2024-01-10 00:00:00,26013,1,07:34:19,06:43 AM,02:17 PM,4.15,0,15.35,50.3,67.7,135.2,64.93326949999937,8.575507912982784,90,60.8,53.3,2.082137570479202,17.85538721156315,47.51822519239257
2024-01-10 00:00:00,26014,1,01:43:32,06:54 AM,08:37 AM,0.85,0,3.45,7.649999999999999,7.100000000000001,21,5.980695874999583,3.46595382324509,93.2,88,4.7,3.511297086311292,12.16999356084997,47.59769202379083
2024-01-10 00:00:00,26014,2,04:40:26,11:53 AM,04:33 PM,2.9,0,11.35,28.25,19.79999999999999,66,16.07797462499911,3.439956534529705,86.4,72.4,13.3,4.104994661291403,14.12100320931891,46.88735004867809
2024-01-10 00:00:00,26016,1,00:22:07,11:19 AM,11:42 AM,0.15,0,0.45,0,13,13,9.941936000001078,26.97134107008582,23.6,20.4,3.2,1.307592404537566,35.26752072343632,47.96599979400636
2024-01-10 00:00:00,26016,2,05:03:32,01:46 PM,06:49 PM,5.9,0,10.7,35.8,50.10000000000001,97.3,43.57364137500008,8.613282942565357,72,49.6,44.8,2.233001349660551,19.23347243575664,46.30417813499362
2024-01-10 00:00:00,26017,1,11:37:34,07:42 AM,07:19 PM,6.2,0,23.8,76,94.6,202.7,80.00151625000035,6.881193159554672,91.6,47.2,72.9,2.533701978429679,17.43489272232044,46.9072892416815
2024-01-11 00:00:00,26003,1,08:10:31,10:56 AM,07:07 PM,7.4,0,19.75,52,70.6,153.5,71.30232224999963,8.721700251435516,89.2,54,54.4,2.152805058183092,18.77612041724712,44.44477307606312
2024-01-11 00:00:00,26006,1,09:00:47,07:01 AM,04:01 PM,7.6,0,19.4,69.6,72.3,172.6,61.67107175000001,6.842415579252321,93.2,56,65.2,2.798718995831299,19.14999845902549,42.99599250656983
2024-01-11 00:00:00,26009,1,01:24:26,07:52 AM,09:16 AM,1,0,3.65,19.55,12.5,36,12.35036999600197,8.776417683696625,91.6,82.4,8.7,2.91489242926761,25.58231346229767,39.48228224025047
2024-01-11 00:00:00,26009,2,01:24:26,11:44 AM,01:09 PM,0.5,0,3.5,14.4,5.800000000000001,23.5,5.048018003999459,3.587221637267678,80.8,76,3.1,4.655292429896515,16.6995657323332,44.5502352961372
2024-01-11 00:00:00,26009,3,00:18:05,01:48 PM,02:06 PM,0.2,0,0.6000000000000001,0.45,2,3.2,2.253091245998803,7.475694456770222,75.6,74.8,1.7,1.420270930297556,10.61751152073733,46.66620984328421
2024-01-11 00:00:00,26009,4,05:09:35,06:48 PM,11:58 PM,3.35,0,12.5,45.6,37.29999999999999,97.4,43.10699175400077,8.354517917329893,92.8,72.4,36.1,2.259494249931284,18.87698519515478,39.79114556451421
2024-01-11 00:00:00,26010,1,07:33:19,01:40 PM,09:13 PM,4.9,0,24.15,46.1,62,143.7,64.62320537100095,8.553385761814898,92,61.2,62.5,2.223659429689695,19.01981690503327,43.55149999445543
2024-01-11 00:00:00,26011,1,06:37:02,06:39 AM,01:16 PM,5.2,0,14.4,50.09999999999999,53.9,127.3,53.12722050000048,8.028628738141286,92.8,64,48.6,2.396135141306684,19.23767945596508,41.2844090613453
2024-01-11 00:00:00,26013,1,07:09:12,06:55 AM,02:04 PM,3.8,0,15.05,53,65.69999999999999,136.5,63.45813474600072,8.871127876887334,88.4,59.2,51.4,2.151024459611973,19.08201304753029,41.90937845461843
2024-01-11 00:00:00,26014,1,08:27:36,10:47 AM,07:14 PM,7.3,0,20.15,48.55,94.2,172.8,77.12767537500076,9.11674649822704,87.2,44,66.3,2.240440920328961,20.42553191489362,44.34899612057334
2024-01-11 00:00:00,26016,1,01:29:54,06:45 AM,08:14 AM,0.95,0,3.4,18.7,19.5,42.7,16.69934562499839,11.14528072858624,90.8,82,13.5,2.55698642083792,28.49833147942158,38.81422722610558
2024-01-11 00:00:00,26016,2,00:12:04,10:01 AM,10:13 AM,0.1500000000000004,0,0.4499999999999993,1.949999999999996,1.79999999999999,4.299999999999997,2.563155374999042,12.74497147789579,71.6,70.8,2.899999999999999,1.677619719015904,21.38121546961325,41.32399969100953
2024-01-11 00:00:00,26017,1,11:38:34,07:46 AM,07:25 PM,6.2,0,23.7,75.2,95.89999999999999,205.2,78.91411700000026,6.777945822398267,89.2,44,74.7,2.60029520446892,17.62466001813237,43.23947414858591
2024-01-12 00:00:00,26003,1,08:09:30,10:57 AM,07:07 PM,7.35,0,19.15,57.3,69.1,154.5,71.30107950800084,8.739662452461799,89.2,52.8,51.9,2.166867613591506,18.93769152196118,44.13199958801255
2024-01-12 00:00:00,26005,1,07:26:17,11:41 AM,07:08 PM,4.55,0,17.1,48.6,75.60000000000001,152,67.80773174599744,9.116324991059148,92.8,60,61.8,2.241632275348486,20.43544833252418,44.13199958801267
2024-01-12 00:00:00,26006,1,07:12:14,06:51 AM,02:03 PM,6.45,0,18,56.5,58.3,143.9,51.80680712499998,7.191505577620109,91.6,60.8,51.8,2.777627265328216,19.97532197115756,37.97153123149735
2024-01-12 00:00:00,26008,1,05:22:39,01:42 PM,07:04 PM,5.2,0,13.1,45.35,55.9,116.4,46.29213950000121,8.608487122268937,92,66.4,44.9,2.514465765834758,21.64574616457461,44.13199958801294
2024-01-12 00:00:00,26009,1,03:09:58,12:01 AM,03:11 AM,0.5,0,7.350000000000001,27.75,5.700000000000003,40,6.67973825000081,2.109761159852861,72.4,63.6,4.799999999999997,5.988258596808812,12.63379540270223,35.60691589581351
2024-01-12 00:00:00,26009,2,00:11:04,04:01 PM,04:12 PM,0.15,0,0.4,0,3.3,3.8,2.4071912540021,13.0510369192885,92,91.2,1.7,1.5786032761968,20.60240963855422,41.5939998626709
2024-01-12 00:00:00,26010,1,07:33:19,01:43 PM,09:16 PM,4.5,0,22.15,45.55,60.8,138.9,64.69963400400047,8.563501688091536,83.2,52.4,59.8,2.146843674438894,18.38449943012611,44.23446423923035
2024-01-12 00:00:00,26011,1,04:15:18,06:43 AM,10:58 AM,3.95,0,10.35,46.5,44.5,110.1,42.48624212499999,9.985015775558164,91.6,67.6,38.7,2.591427118361554,25.87544065804936,35.10644700127484
2024-01-12 00:00:00,26011,2,01:22:27,11:53 AM,01:16 PM,1.2,0,2.5,2.7,9.9,16.9,10.2526214999998,7.460973802304284,67.6,63.6,9.9,1.648358909962717,12.29836264402668,41.5939998626709
2024-01-12 00:00:00,26013,1,07:11:14,06:54 AM,02:06 PM,3.85,0,15.6,58.90000000000001,65.80000000000001,143.4,64.3118985000001,8.948088219834597,86.8,55.6,49.9,2.229758463746795,19.95207544252918,38.05402781582153
2024-01-12 00:00:00,26014,1,05:44:46,08:08 AM,01:53 PM,5.4,0,13.1,33,45,100.9,36.73856037500082,6.393639048148648,87.6,60,28.3,2.746433147354859,17.55970221405782,40.890900919396
2024-01-12 00:00:00,26014,2,03:49:10,03:13 PM,07:02 PM,3.65,0,8.25,25.6,47.2,84.3,41.24350012499963,10.79829821454536,88.8,66.8,36.1,2.043958435741534,22.07127272727272,44.13199958801288
2024-01-12 00:00:00,26016,1,04:20:56,06:44 AM,11:04 AM,2.65,0,10.45,53.45,57.40000000000001,125.4,50.64173649999975,11.64475289984665,90.8,63.6,39.4,2.476218405346361,28.83495145631068,35.29010804863965
2024-01-12 00:00:00,26016,2,00:11:04,11:29 AM,11:40 AM,0.09999999999999964,0,0.4000000000000004,0.9000000000000057,1.999999999999993,3.200000000000017,1.320413375000498,7.158867695785835,63.2,62.4,0.8999999999999986,2.423483479178488,17.34939759036154,41.5939998626709
2024-01-12 00:00:00,26016,3,02:35:15,12:03 PM,02:38 PM,1.1,0,5.549999999999999,20.45,28.79999999999998,54.60000000000002,28.19470912500037,10.89650594202913,60.8,48,22,1.936533544571523,21.10144927536233,41.5939998626709
2024-01-12 00:00:00,26016,4,01:07:49,02:43 PM,03:51 PM,0.6500000000000004,0,2.099999999999998,5.600000000000009,7.100000000000009,15.19999999999999,8.000151625001308,7.078040267880244,47.2,44,6.299999999999997,1.899963989744695,13.44802162693536,41.5939998626709
2024-01-12 00:00:00,26017,1,10:06:06,07:48 AM,05:54 PM,5.100000000000001,0,20.95,67.7,81.6,177.9,69.12752374999945,6.843180044547051,88.8,50.4,60,2.573504594832263,17.61095528790629,41.87186724681691
2024-01-12 00:00:00,26017,2,01:15:24,06:00 PM,07:15 PM,0.9500000000000002,0,2.600000000000001,9,9.699999999999996,22.79999999999998,10.17495012499967,8.096777287798146,49.6,44.4,9.300000000000004,2.240797224546664,18.14323607427054,44.13199958801264
2024-01-13 00:00:00,26010,1,08:03:28,09:28 AM,05:32 PM,5.95,0,25.55,38.65,104.6,179.4,93.67167824999888,11.62500143753433,90,50.4,76,1.915200019382616,22.26420297848869,48.38212888883879
2024-01-13 00:00:00,26013,1,00:35:11,08:44 AM,09:19 AM,0.4,0,1.1,1.950000000000001,8.7,11.7,7.378159253999911,12.58236537868294,89.6,87.2,4.7,1.585761379934582,19.95262908574136,55.55299949645996
2024-01-13 00:00:00,26013,2,07:37:20,09:22 AM,04:59 PM,4.600000000000001,0,14.8,34.65,82.4,134.2,77.59432499600007,10.18001348344024,87.2,58.4,52.6,1.729507924798855,17.6064139941691,48.92951339671504
2024-01-14 00:00:00,26005,1,02:42:51,02:36 PM,05:19 PM,2.55,0,7.45,39.6,54.9,112.8,34.7184832540006,12.79158118047305,91.6,67.6,33.6,3.248989858651215,41.55971753147067,35.86215960441933
2024-01-14 00:00:00,26006,1,00:54:17,12:00 PM,12:55 PM,0.7999999999999998,0,2.05,9.400000000000002,4.199999999999999,17.40000000000001,3.728226000000177,4.120851581209898,82,78.4,3.2,4.667099043888213,19.23242247466995,40.15498214028097
2024-01-14 00:00:00,26006,2,00:28:08,02:51 PM,03:19 PM,0.45,0,1.4,3.9,4.3,10.4,3.805897374999404,8.116842742889723,73.2,71.2,2.5,2.732601269891475,22.18009478672986,38.1560001373291
2024-01-14 00:00:00,26010,1,08:37:39,08:39 AM,05:16 PM,6.25,0,19.4,80.64999999999999,108.5,226,98.71969625400016,11.44244523372937,90.8,40.4,74.4,2.289310123265725,26.1953057084903,37.24626752630216
2024-01-14 00:00:00,26011,1,03:15:59,11:58 AM,03:14 PM,1.3,0,6.949999999999999,29.7,10.6,50.90000000000001,9.320564999999988,2.853476826260733,83.6,72.8,7.100000000000001,5.46104232951544,15.58295773450124,37.65622461328697
2024-01-14 00:00:00,26013,1,08:09:32,03:48 PM,11:58 PM,4.75,0,19.2,109.45,77.1,215.6,69.36115924600017,8.501299648835646,93.2,46,54.5,3.108367886922723,26.42516682554814,28.86021721645219
2024-01-15 00:00:00,26009,1,02:14:42,02:59 PM,05:14 PM,1.45,0,8.9,32.3,15.8,56.9,6.913373745999706,3.079453784409669,90.8,78.8,1.1,8.23042440500546,25.34521158129176,27.00133317629497
2024-01-16 00:00:00,26003,1,02:15:42,04:46 PM,07:01 PM,1.8,0,6.75,34.6,24.3,74.10000000000001,23.61209799999961,10.44013176123785,77.2,60,14,3.138221770890552,32.76344878408254,26.67133818934953
2024-01-16 00:00:00,26005,1,03:21:02,01:47 PM,05:08 PM,2.6,0,9.049999999999999,55.45,35.3,115.4,33.01095574600186,9.852382746278119,92.4,68,20.9,3.495809115250375,34.44204941137456,27.63647765045736
2024-01-16 00:00:00,26005,2,00:49:15,05:46 PM,06:36 PM,0.75,0,1.95,11.2,5.800000000000001,20.4,5.670631746001163,6.908383852996342,78,73.6,4.5,3.597482769778825,24.85279187817259,26.24755993270872
2024-01-16 00:00:00,26006,1,04:18:20,02:12 PM,06:30 PM,5.2,0,11.85,72.89999999999999,45.7,147.7,35.72883249999995,8.298309483870957,91.2,59.6,33.3,4.133916214586643,34.30451612903227,27.35683722939602
2024-01-16 00:00:00,26008,1,00:14:04,07:49 AM,08:03 AM,0.2,0,1,4.349999999999998,3.3,8.599999999999998,2.330141250000452,9.938991113746003,82.4,80.4,0.2,3.690763381832896,36.68246445497629,25.42999982833862
2024-01-16 00:00:00,26008,2,00:30:09,08:59 AM,09:29 AM,0.35,0,1.3,5.550000000000001,14.1,20.9,8.388508500000171,16.69354925373169,79.2,74.4,0.3,2.491503704144733,41.59203980099502,26.83400020599367
2024-01-16 00:00:00,26008,3,02:14:42,12:18 PM,02:33 PM,1.9,0,9.15,31.9,23.9,65.3,18.17510174999916,8.095813697104301,85.6,71.6,12.5,3.592827203842368,29.08685968819599,28.46600003242498
2024-01-16 00:00:00,26008,4,04:33:53,02:55 PM,07:29 PM,3.35,0,14.2,55.05,43.6,113.6,41.08877874600148,9.001375493555974,70.4,44,25.9,2.764745107228452,24.88650885413497,26.8932087866815
2024-01-16 00:00:00,26009,1,00:09:02,10:52 AM,11:02 AM,0.15,0,0.35,2.6,4.4,7.4,2.408433996002714,15.99697857123574,71.6,70,0.1,3.072535935085539,49.15129151291513,28.16599979400635
2024-01-16 00:00:00,26010,1,00:13:04,11:04 AM,11:17 AM,0.2,0,1.1,3.3,3.8,10.2,2.331383992001065,10.70533465714775,92,90,0.7,4.375083656315738,46.83673469387756,28.16599979400634
2024-01-16 00:00:00,26010,2,07:31:18,01:44 PM,09:15 PM,5.3,0,24.05,103.35,68.5,213.1,64.77668400799848,8.612012055129425,88.4,41.2,57.7,3.2897639523148,28.33148681586528,26.13144003582008
2024-01-16 00:00:00,26011,1,07:12:13,06:53 AM,02:05 PM,6.05,0,19.65,99.55,79.9,221.2,64.23422712499996,8.91694819920564,92.8,43.2,51,3.443646944946411,30.7068214244399,27.27385145295798
2024-01-16 00:00:00,26013,1,07:20:15,06:31 AM,01:52 PM,2.75,0,10.7,54.8,55.59999999999999,121.4,64.31189849999828,8.764824327086647,88.4,32.8,32.7,1.887675575305917,16.54514480408859,27.13571620320293
2024-01-16 00:00:00,26016,1,07:16:17,06:39 AM,01:55 PM,4.2,0,18.6,95.85,95.69999999999999,227.8,75.72959062499831,10.41473531153279,88,36.4,54.4,3.008071192778946,31.32826527103946,27.17993098258973
2024-01-16 00:00:00,26017,1,07:01:09,07:40 AM,02:41 PM,5.4,0,24.15,68.7,65.60000000000001,177.8,49.78735137500007,7.093057301436553,82.8,42.8,45.3,3.571188165058313,25.33064228897067,27.58477140596922
2024-01-17 00:00:00,26003,1,07:47:24,11:27 AM,07:14 PM,7.05,0,25.35,97.89999999999999,74.5,222.3,66.79738250000082,8.574760269576485,93.6,32.4,43.5,3.32797471517686,28.53658536585366,21.63238626631552
2024-01-17 00:00:00,26005,1,02:33:47,01:23 PM,03:57 PM,2,0,7.699999999999999,47.1,35.5,102.6,25.63155375000133,10.00038945486125,92,70.4,23,4.002878678394386,40.03034572450417,22.80912969267219
2024-01-17 00:00:00,26005,2,02:56:55,04:06 PM,07:03 PM,2.85,0,7.7,47.05,45.8,106,37.35931000399796,12.67013810780901,70.4,46,35.2,2.837311502505173,35.94912859161564,21.24322035837974
2024-01-17 00:00:00,26006,1,07:04:10,06:55 AM,01:59 PM,7.3,0,20.2,106.65,60.9,209.1,52.89420637500007,7.482088131630658,92.4,46.4,42.6,3.953173973677939,29.57799607072691,17.49161710536223
2024-01-17 00:00:00,26008,1,04:07:15,09:20 AM,01:27 PM,2.7,0,14.25,47.6,43.2,105.4,25.39791825400243,6.163296644045079,87.2,58.4,6.1,4.149946422612416,25.57735085945399,19.06557920201101
2024-01-17 00:00:00,26008,2,05:07:34,06:51 PM,11:58 PM,3.2,0,14.1,80.6,49.7,143.2,44.50507650399959,8.682035082605317,88,56.8,27.4,3.217610467136954,27.93540695784112,19.42878830067888
2024-01-17 00:00:00,26009,1,00:55:17,06:59 AM,07:54 AM,0.85,0,4.850000000000001,17.05,19.8,42,11.1846779999978,12.13893301175523,89.2,80.4,1.5,3.755137161750052,45.58335845643654,13.11542794363839
2024-01-17 00:00:00,26009,2,05:24:39,02:21 PM,07:46 PM,5.25,0,23.05,84.85000000000001,78.39999999999999,188.3,44.19439100400268,8.16776054286204,76,32.8,6.7,4.260721682598719,34.80055444324658,21.65494442250988
2024-01-17 00:00:00,26010,1,08:47:42,01:42 PM,10:30 PM,5.75,0,28.9,109.15,69.69999999999999,232.1,65.32224774600036,7.42720269994319,88.4,31.2,60.9,3.553153910173144,26.38999431495168,21.03207982774028
2024-01-17 00:00:00,26011,1,06:11:55,06:46 AM,12:58 PM,5.35,0,18.45,96.94999999999999,64.5,199.6,54.29229112499888,8.758783242213577,91.6,47.6,45.9,3.676396701337479,32.20076181940399,16.63401624237431
2024-01-17 00:00:00,26013,1,04:09:17,06:40 AM,10:50 AM,2.65,0,11.45,68.25,49.3,139,42.0208352460013,10.11399390824394,87.2,56.8,31.5,3.307882843981004,33.45590693320853,14.85633730141515
2024-01-17 00:00:00,26013,2,02:18:43,11:58 AM,02:17 PM,1.25,0,5.85,25.9,24.2,60.40000000000001,21.90208500799963,9.473447798726262,51.6,37.6,15.4,2.757728315726069,26.12519524210021,21.65388493778038
2024-01-17 00:00:00,26016,1,00:59:01,06:44 AM,07:43 AM,0.75,0,4.25,18.9,18.9,49.4,14.05851887500103,14.29276135272626,91.6,81.2,8.5,3.513883677166268,50.22310081897769,13.11055090016332
2024-01-17 00:00:00,26016,2,01:45:32,07:59 AM,09:45 AM,1.45,0,5.649999999999999,28.55,27.2,64.69999999999999,22.44702737499938,12.76204967624728,79.2,62.8,18.6,2.882341564391743,36.78458622867971,14.54679240100786
2024-01-17 00:00:00,26016,3,05:20:16,10:10 AM,03:31 PM,3.25,0,14.8,63.15000000000001,57.89999999999999,143.8,48.54460937499971,9.094535478247238,62.8,29.6,37.7,2.962223856600986,26.94004995836803,20.95082143855304
2024-01-17 00:00:00,26017,1,04:21:23,07:49 AM,12:10 PM,2.9,0,15.9,70.65,47.90000000000001,149.2,39.53472987500027,9.075114936555568,86,53.6,28,3.773897038672987,34.24854938468405,16.70400026255641
2024-01-17 00:00:00,26017,2,04:40:25,02:39 PM,07:19 PM,3.6,0,15.8,70.8,52,147,43.88432687499972,9.389811396730995,92.8,61.6,37.5,3.349715273489676,31.45319465081724,21.734085680076
2024-01-18 00:00:00,26003,1,07:01:09,11:56 AM,06:57 PM,6.100000000000001,0,21.2,77.1,66.69999999999999,180.4,64.85621949600136,9.239874557188843,92.4,49.2,44.4,2.781537397675829,25.70105663065416,31.20260000458775
2024-01-18 00:00:00,26005,1,00:31:10,09:24 AM,09:55 AM,0.4,0,1.85,10.1,15.4,31.5,10.71864975000062,20.6348337433167,92.8,86.4,4.6,2.938802996151467,60.64171122994652,24.26000019311905
2024-01-18 00:00:00,26006,1,06:52:44,06:58 AM,01:51 PM,6.600000000000001,0,20.3,92.15,62.3,190.3,51.57379300000048,7.497401663705449,89.6,47.6,52.9,3.689858529505445,27.66435147795186,26.10563506960424
2024-01-18 00:00:00,26008,1,03:05:57,12:01 AM,03:07 AM,0.5499999999999998,0,6.300000000000001,27.45,13.3,54.79999999999998,11.96014900800219,3.859149989137571,56.4,43.2,5.299999999999997,4.581882714281811,17.68217262705028,18.34767717238391
2024-01-18 00:00:00,26008,2,05:49:47,01:50 PM,07:40 PM,4.4,0,20.75,52.55,63.7,138.2,46.21384675400259,7.92728109374419,90.4,60.4,46.6,2.99044571501788,23.70610377852957,31.06957020115709
2024-01-18 00:00:00,26009,1,01:01:19,11:00 AM,12:01 PM,0.85,0,4.5,18.35,10.8,33.8,7.456452000002173,7.296337917914602,83.6,76.4,4.3,4.532987002396065,33.07420494699646,28.79890326069246
2024-01-18 00:00:00,26009,2,00:43:13,12:05 PM,12:49 PM,0.5499999999999999,0,2.4,6.9,7.6,17,7.14576649999799,9.920848206707582,76.4,72.8,4.5,2.379030996885328,23.60200539915156,30.31372725753619
2024-01-18 00:00:00,26009,3,05:14:35,01:48 PM,07:03 PM,4.5,0,12.9,60.25,88,162.3,63.92416299600154,12.19215824029698,76.4,39.2,44.5,2.538946032193677,30.95523178807947,31.24812739436409
2024-01-18 00:00:00,26010,1,07:44:23,01:43 PM,09:27 PM,5.75,0,27.25,80.10000000000001,67.69999999999999,194.6,65.39929775000019,8.449824925528503,92.4,50,63,2.975567119143866,25.14302121092488,30.68739958016059
2024-01-18 00:00:00,26011,1,05:17:38,06:42 AM,12:00 PM,5.25,0,13.95,74.2,58.3,161.7,52.89420637500007,9.991559604890348,91.6,56.4,45.9,3.057045583661993,30.5446531640256,24.04326188391319
2024-01-18 00:00:00,26011,2,00:40:13,12:57 PM,01:37 PM,0.8,0,1.45,5,5.9,13.9,5.903024499999447,8.806833070865316,54.8,51.6,5.5,2.354725107443024,20.73767094902611,31.6220000118017
2024-01-18 00:00:00,26013,1,04:49:28,06:40 AM,11:29 AM,2.65,0,11.7,63.49999999999999,47.9,130.1,42.40981349200047,8.79061081133128,86.8,50.8,31.6,3.067686209573642,26.96683555964993,23.47036684128653
2024-01-18 00:00:00,26013,2,02:06:39,12:00 PM,02:07 PM,1.2,0,4.95,19.95,22.40000000000001,49,21.43729949999943,10.15584658507671,47.2,35.6,15.4,2.285735663673557,23.21358073430715,31.1857480303979
2024-01-18 00:00:00,26014,1,00:08:03,01:54 PM,02:02 PM,0.09999999999999999,0,0.4,0.09999999999999998,2.8,4.4,2.330141249998633,17.36751242235006,84.4,83.2,1,1.888297544195049,32.79503105590063,32.23399999141693
2024-01-18 00:00:00,26016,1,10:24:55,06:46 AM,05:11 PM,5.45,0,28.2,81.44999999999999,100,224.5,90.64249462499902,8.70283986264826,90.4,33.6,71.2,2.476763254683012,21.55487398319776,27.81049278093395
2024-01-18 00:00:00,26017,1,04:31:22,07:51 AM,12:22 PM,3.1,0,14.65,59.60000000000001,51.39999999999999,136.8,40.38911499999995,8.930156860336556,90.4,61.2,37.2,3.387051189410814,30.24689841542808,25.63836164122588
2024-01-18 00:00:00,26017,2,04:32:23,02:40 PM,07:12 PM,3.65,0,10.35,50.9,51.09999999999999,117.6,42.02021387500008,9.256120048338756,93.6,68.8,40,2.798653056593939,25.90466866548369,31.01198530064577
2024-01-19 00:00:00,26006,1,07:32:19,07:03 AM,02:35 PM,6.6,0,26.45,97.75,69.69999999999999,211.3,56.38941824999984,7.480080537234217,89.6,42.8,46.6,3.747156941098619,28.02903570507388,27.8195698454746
2024-01-19 00:00:00,26006,2,03:10:58,04:01 PM,07:12 PM,2.55,0,7.15,40.09999999999999,31.7,82.4,30.21416487500028,9.493017415779455,65.2,46,18.8,2.727197668408144,25.88933496247164,26.45769636069296
2024-01-19 00:00:00,26008,1,03:19:26,09:24 AM,12:44 PM,0.6,0,7.800000000000001,27.9,10.1,44.9,7.301109249998262,2.196556351328242,90.8,80,3.6,6.149750464288791,13.50827344141735,27.89336359067392
2024-01-19 00:00:00,26008,2,05:59:51,01:10 PM,07:10 PM,4,0,16.5,85.25,93.7,194.6,69.43820925000182,11.57785898290985,78.8,34.4,40.3,2.80249162675512,32.4468528553564,27.2333092528797
2024-01-19 00:00:00,26009,1,07:27:17,11:47 AM,07:15 PM,5.3,0,26.9,94.05,75.8,198.3,66.25306150400138,8.887395067049408,92.4,47.2,36.2,2.993069233306654,26.60058873942691,27.42505385811562
2024-01-19 00:00:00,26010,1,07:25:17,01:43 PM,09:08 PM,5.550000000000001,0,26.5,97.64999999999999,67.69999999999999,208.8,61.95814515199891,8.348591628820454,90.4,44.4,55.6,3.370016960445816,28.13489538496089,26.29412168715445
2024-01-19 00:00:00,26011,1,05:16:37,06:42 AM,11:59 AM,4.7,0,14.55,73.85000000000001,58,160.6,52.89420637500007,10.02364283571091,91.6,56.4,38.7,3.036249355201707,30.43427909669948,27.56693036345007
2024-01-19 00:00:00,26011,2,07:35:20,02:18 PM,09:54 PM,6.100000000000001,0,17.8,96,59.7,185.4,51.18543612499889,6.744786605051099,76,33.2,43.7,3.622124065666619,24.43045387994144,25.82675335512284
2024-01-19 00:00:00,26011,3,00:40:13,10:14 PM,10:54 PM,0.1999999999999993,0,1.399999999999999,6.200000000000003,2.900000000000006,11.09999999999999,2.718498125001133,4.055778387900572,32,29.2,1.200000000000003,4.083136897508571,16.56029838375466,23.28712201234769
2024-01-19 00:00:00,26013,1,07:21:17,06:41 AM,02:02 PM,3.55,0,17.65,88.95,75.7,190.3,65.47759049599881,8.902795852460464,84.8,41.6,42.8,2.906337856333134,25.87453261321146,27.79818635528749
2024-01-19 00:00:00,26016,1,09:00:46,06:35 AM,03:35 PM,4.9,0,28.3,92.85,106.1,240.6,89.08906712499993,9.884751329901983,90.4,36.8,61.7,2.70066808155502,26.69543241077482,27.84413730943368
2024-01-19 00:00:00,26017,1,05:18:37,07:45 AM,01:03 PM,3.7,0,13.3,69.10000000000001,51.99999999999999,145.4,45.36008299999958,8.541941664487027,90.4,59.2,30.1,3.205461506761382,27.38086519851441,27.68447165309264
2024-01-19 00:00:00,26017,2,00:11:03,01:24 PM,01:36 PM,0.1000000000000001,0,0.3499999999999996,1.650000000000006,2.699999999999992,5,2.330141249999542,12.65235067873055,58.4,57.2,1.699999999999999,2.145792663857173,27.14932126696833,28.4
2024-01-19 00:00:00,26017,3,01:25:26,02:58 PM,04:23 PM,1,0,3.7,16.85,16.8,39.2,15.84496050000052,11.12794728833435,84,76,9.7,2.473972718328878,27.530238002341,27.67665123884067
2024-01-19 00:00:00,26017,4,00:40:13,05:42 PM,06:22 PM,0.5,0,1.65,8.700000000000001,6.4,18,4.73795387500013,7.068642333195387,88,84.4,3,3.799108322893816,26.85453791960215,26.03014618361867
2024-01-19 00:00:00,26017,5,04:22:20,07:35 PM,11:58 PM,3.85,0,10.65,57.95,43.90000000000001,121.2,39.22404437499972,8.971191851969442,80,53.2,28.7,3.089941435953744,27.72045743329098,23.34124431792112
2024-01-20 00:00:00,26008,1,06:22:57,12:50 PM,07:13 PM,4.35,0,23.25,66.85000000000001,41.59999999999999,132.6,22.36935600000288,3.504795299647925,89.6,62.8,9.7,5.927752233903512,20.77555816686251,22.44562846278631
2024-01-20 00:00:00,26010,1,07:46:24,09:30 AM,05:16 PM,6.199999999999999,0,27.2,98.85,102.5,249.7,82.33165749999898,10.59155113636351,88.4,32.4,65.2,3.032855253764362,32.12264150943396,21.98019371894106
2024-01-20 00:00:00,26016,1,07:22:16,04:36 PM,11:58 PM,8.25,0,18.85,104.6,69.69999999999999,211.2,57.63216024999929,7.818653033614615,88,40.8,54.1,3.664620570942465,28.65239674404583,20.47795906845391
2024-01-20 00:00:00,26017,1,00:20:06,12:01 AM,12:21 AM,0.1500000000000004,0,0.8499999999999979,4.75,1.599999999999994,7.900000000000006,3.262197749999359,9.737903731341369,52.8,50.8,2.200000000000003,2.421680292067383,23.58208955223882,21.72199993133545
2024-01-21 00:00:00,26008,1,07:37:20,08:43 AM,04:20 PM,6.1,0,20.25,86.8,132.6,239.9,93.74872825400234,12.2993958350732,90.8,36.8,33.1,2.558968046478626,31.4737609329446,27.4745001106671
2024-01-21 00:00:00,26008,2,00:44:14,04:24 PM,05:08 PM,0.5499999999999999,0,1.95,8.4,8.3,18.6,6.99166649199833,9.483797803765633,36.8,32.4,4.8,2.660309959190262,25.22984174830444,29.45480000972747
2024-01-21 00:00:00,26009,1,07:05:10,04:52 PM,11:58 PM,5.65,0,18.6,105.15,63.7,188.8,55.06962624600055,7.77148782773822,88,45.2,24.6,3.42838716857483,26.64366914935319,24.07910854445299
2024-01-21 00:00:00,26011,1,04:13:17,02:17 PM,06:30 PM,2.25,0,14,52.95,78.9,152.5,62.44778549999864,14.79318469434725,82.4,48.4,43.4,2.442040158493744,36.12555109561097,29.38338343121799
2024-01-21 00:00:00,26016,1,02:43:51,12:01 AM,02:45 AM,0.6500000000000004,0,6.399999999999999,30.14999999999999,6.500000000000007,47.19999999999999,6.136038624999856,2.246947314616975,40.4,30,4.199999999999996,7.692259270939824,17.28410131217576,19.56090242688246
2024-01-21 00:00:00,26016,2,01:06:20,05:11 PM,06:18 PM,0.75,0,2.7,16.55,17.9,39,14.21386162499948,12.8567592587935,92,84,6.4,2.743800455423487,35.27638190954774,27.4945455377752
2024-01-21 00:00:00,26017,1,08:00:26,09:22 AM,05:23 PM,7.600000000000001,0,19.2,82,143.7,259.6,96.31250499999987,12.02820432942481,84.4,25.2,86.2,2.695392462276838,32.42073128425726,28.14724851110052
2024-01-22 00:00:00,26005,1,00:25:08,12:18 PM,12:43 PM,0.25,0,0.7,0,13.9,15.7,10.01898600400091,23.91800372307909,78,74.4,4.8,1.567024846000431,37.48010610079576,32.57599998712541
2024-01-22 00:00:00,26005,2,06:02:51,01:37 PM,07:40 PM,4.55,0,18.45,36.95,54.59999999999999,117.8,43.88494824599911,7.25670909400564,88,62.8,47.2,2.684291646868686,19.47912360479537,34.01689749072794
2024-01-22 00:00:00,26006,1,07:09:12,06:55 AM,02:04 PM,6.649999999999999,0,22.15,90.95,66,196.9,56.70010375000038,7.926389154240501,91.6,48,50.7,3.472656785041574,27.52562907735322,26.21051878954214
2024-01-22 00:00:00,26008,1,07:09:11,07:05 AM,02:14 PM,6.25,0,19.65,80.75,80.9,182.5,56.93249650399957,7.9591855622849,89.2,48,34.6,3.20555062936998,25.51357228845482,26.68974774340611
2024-01-22 00:00:00,26008,2,05:05:35,06:53 PM,11:58 PM,3.25,0,13.15,59.1,40.09999999999999,112.8,42.64220624599693,8.37261753398358,92.8,68.4,33.5,2.645266507771023,22.14780474502318,29.97508855266878
2024-01-22 00:00:00,26010,1,07:35:21,01:43 PM,09:18 PM,5.2,0,25.85,70.8,66.50000000000001,176.4,63.8458702500011,8.412764280224149,82.4,43.2,62.3,2.762903838717696,23.24365872405842,33.29465196818148
2024-01-22 00:00:00,26011,1,07:15:14,06:51 AM,02:06 PM,6.85,0,18.45,78.7,76.7,188.6,68.35080999999991,9.422643639427115,89.2,45.6,64.7,2.759294293659435,25.99984682545761,26.1484655393709
2024-01-22 00:00:00,26013,1,04:08:16,06:43 AM,10:51 AM,2.85,0,10.95,59.25000000000001,49.39999999999999,132.7,42.33027800400123,10.23019608045142,83.6,54.4,32.7,3.134871922822162,32.0703544575725,20.51150019630309
2024-01-22 00:00:00,26013,2,02:38:49,11:57 AM,02:36 PM,1.35,0,5.8,22.35,22.8,53.4,21.43729949999943,8.0988853185012,54,41.2,16.6,2.490985396738121,20.17420505824326,34.40758489302866
2024-01-22 00:00:00,26016,1,10:27:12,06:39 AM,05:07 PM,5.45,0,27,83.25,100.9,226.2,85.74919800000134,8.203048278061353,88.4,29.2,66.6,2.637925546545595,21.6390306122449,28.51983685892103
2024-01-22 00:00:00,26017,1,04:25:21,07:49 AM,12:14 PM,3.1,0,11.35,46.85,53.5,118.4,40.31144362500072,9.115080525720908,84,58,34.2,2.937131230065142,26.77218767665348,25.17168305104639
2024-01-22 00:00:00,26017,2,04:40:25,02:39 PM,07:19 PM,3.4,0,10.3,48,51.2,114,43.88432687499972,9.389811396730995,93.2,69.2,38,2.597738375359341,24.39227340267459,33.83709285685268
2024-01-23 00:00:00,26005,1,05:27:41,01:42 PM,07:09 PM,4.05,0,14.9,38.3,44.1,104.2,46.13679675000094,8.447813859925914,92.8,71.2,31.6,2.258500965392615,19.07939575809979,39.15568792141899
2024-01-23 00:00:00,26006,1,07:02:10,06:59 AM,02:01 PM,6.050000000000001,0,20.15,69.80000000000001,60.2,160,52.58352087499952,7.47337841097506,90,54.8,52.1,3.042778371200148,22.73983418870904,36.54249875958909
2024-01-23 00:00:00,26008,1,00:31:11,02:27 AM,02:58 AM,0.25,0,1.25,5,5.000000000000007,11.29999999999998,5.66938900400055,10.90849835082949,63.2,60.8,3.600000000000001,1.993160108086823,21.74238375200424,28.64637492597105
2024-01-23 00:00:00,26008,2,02:26:46,11:02 AM,01:29 PM,1.5,0,6.9,24.8,19.2,51.1,18.95181550000052,7.747732886668394,93.2,79.6,13.5,2.696311601387139,20.89030206677266,40.18571415142136
2024-01-23 00:00:00,26008,3,05:31:41,02:02 PM,07:33 PM,4.7,0,12.25,43.05,79.5,136.6,65.63169050400029,11.87247303222959,79.6,40.8,44.9,2.081311618686314,24.71031606451937,38.73814487212368
2024-01-23 00:00:00,26009,1,05:44:47,01:53 PM,07:38 PM,4.25,0,13.55,47.5,51.3,114.2,54.91428349600028,9.55631172164166,93.2,68.8,41.9,2.079604662570492,19.87335041330304,38.7606219494065
2024-01-23 00:00:00,26010,1,08:49:43,01:43 PM,10:33 PM,5.65,0,25.7,53.3,66.4,162.3,65.32100500399974,7.398786081062173,93.6,54.8,65.1,2.48465252471333,18.38341251612497,37.53605670712184
2024-01-23 00:00:00,26011,1,07:18:17,06:53 AM,02:12 PM,6.15,0,16.65,63.7,70,162.3,64.62258400000064,8.846686025021954,89.6,52.4,59,2.511505884691927,22.21850401186447,36.58435692448908
2024-01-23 00:00:00,26013,1,04:21:19,06:45 AM,11:06 AM,2.65,0,10.25,49.35,45.3,110.7,42.40857074999985,9.73728265195481,91.2,67.6,33.2,2.610321405373002,25.41743733656483,33.59068968131623
2024-01-23 00:00:00,26013,2,02:04:38,12:00 PM,02:05 PM,1.45,0,4.449999999999999,15.2,22,42.6,21.5926422499997,10.39496016314508,66.4,56.8,17.9,1.972894262164724,20.50815726129981,40.86147170639045
2024-01-23 00:00:00,26014,1,05:39:44,01:55 PM,07:34 PM,5.899999999999999,0,15.95,36.15,53.6,113.2,43.96261962100107,7.764198912657175,91.2,61.6,43.6,2.574914802072533,19.99215070643642,38.79051313062678
2024-01-23 00:00:00,26016,1,08:42:41,06:44 AM,03:27 PM,4.9,0,24.65,67.3,93.1,191.1,85.43851249999898,9.80767976148708,90.8,48.8,65.1,2.236696243980164,21.93680048467842,37.16219954472358
2024-01-23 00:00:00,26016,2,05:08:35,06:49 PM,11:58 PM,3.9,0,11.25,44.55,42.3,101.3,42.79692762500054,8.321303778017928,92,70.8,31.9,2.366992343179886,19.69646232784229,34.95936360010863
2024-01-23 00:00:00,26017,1,04:14:18,07:49 AM,12:03 PM,3.05,0,12.1,38.7,53.00000000000001,110.1,40.31144362499981,9.511154610695984,89.6,66,36.4,2.731234361741381,25.97719229256783,35.85922840843067
2024-01-23 00:00:00,26017,2,04:44:27,02:35 PM,07:19 PM,3.45,0,9.85,38.05,50,101.3,43.49596999999994,9.174751977500426,91.6,70.4,40,2.328951394807384,21.36755141501142,38.57716182990806
2024-01-24 00:00:00,26005,1,07:31:18,11:44 AM,07:15 PM,6.600000000000001,0,16.3,63.9,66,157.8,67.96183175400074,9.035475083625181,91.6,57.6,46.1,2.321891507738985,20.97939286505651,39.94248001861568
2024-01-24 00:00:00,26006,1,07:06:12,06:52 AM,01:58 PM,5.9,0,16.3,71.05,56.7,154.2,51.49612162500034,7.249571322149274,91.2,58,47.6,2.994400260332207,21.70811825434068,38.00230112614358
2024-01-24 00:00:00,26008,1,02:13:41,10:29 AM,12:43 PM,1.15,0,5.25,22.4,17.8,45,16.15564600000289,7.251006807132577,93.2,81.2,12,2.785403938659708,20.19698291983543,39.24002965243898
2024-01-24 00:00:00,26008,2,05:54:49,01:48 PM,07:43 PM,4,0,18.7,34.5,52.4,107.3,43.41891999599829,7.342200760279669,78.8,52.4,42.4,2.471272892321811,18.14458170886373,39.96001700385152
2024-01-24 00:00:00,26009,1,01:18:24,09:08 AM,10:27 AM,0.75,0,3.6,8.599999999999994,12,24.49999999999999,10.17432875399754,7.786476087243018,85.2,80,5.9,2.408021265321688,18.75,37.65291137936754
2024-01-24 00:00:00,26009,2,04:58:32,11:48 AM,04:47 PM,1.5,0,12.7,33.65,28.5,74.4,25.86518924600023,5.198452505895535,93.6,77.6,18.2,2.876452953519571,14.95310406431443,40.04835574098868
2024-01-24 00:00:00,26010,1,07:34:20,01:44 PM,09:19 PM,5.5,0,24.6,55.2,67.00000000000001,158.7,65.40054049199898,8.636901899163476,89.2,54.8,63.3,2.426585450305493,20.95818048422597,39.82924510185285
2024-01-24 00:00:00,26011,1,05:55:52,06:46 AM,12:42 PM,5.15,0,13.25,58.25,57,136,53.59324874999947,9.035954266579155,92.8,56,47.2,2.537633063343661,22.92993630573249,37.57868164546058
2024-01-24 00:00:00,26011,2,00:10:04,01:42 PM,01:52 PM,0.15,0,0.25,0,3.2,3.8,2.252469875000315,13.42531713576347,83.6,79.2,0.7,1.687036990894037,22.64900662251656,39.80054538900202
2024-01-24 00:00:00,26013,1,08:11:30,06:46 AM,02:57 PM,4.65,0,17.85,73.89999999999999,82.8,178.8,76.66226849600025,9.358567873367274,88.4,49.2,61.2,2.332307711574289,21.82706002034588,38.23968162711788
2024-01-24 00:00:00,26016,1,02:56:54,12:10 AM,03:07 AM,0.8000000000000007,0,6.050000000000001,21.9,11.79999999999999,41.59999999999999,12.27207724999971,4.162377812323249,70,60.8,8.600000000000001,3.389809170244669,14.10966647823629,34.67345758454272
2024-01-24 00:00:00,26016,2,05:27:59,06:40 AM,12:08 PM,2.9,0,12.45,55.05,57.09999999999999,126.5,51.10776475000057,9.349456430713047,92.4,65.2,37.5,2.475162054509508,23.14141978759083,37.23726872816682
2024-01-24 00:00:00,26016,3,01:07:06,12:30 PM,01:37 PM,0.7000000000000002,0,2.4,7.800000000000004,15.7,26.59999999999999,14.44687574999989,12.9182197466467,63.2,56.4,9.800000000000004,1.841228543825484,23.78539493293591,39.78587083816529
2024-01-24 00:00:00,26016,4,01:43:35,01:46 PM,03:29 PM,0.8000000000000003,0,3.699999999999999,12.55,13.3,30.20000000000002,14.91290400000071,8.638206661303709,56.4,93.6,10.2,2.025091826514714,17.4931617055511,40.17872756611224
2024-01-24 00:00:00,26016,5,05:09:35,06:49 PM,11:58 PM,3.9,0,13.5,40.3,44.2,99.5,43.34062724999967,8.399798551816895,92.4,71.2,35.1,2.295767419932778,19.28398384925976,39.42555336905906
2024-01-24 00:00:00,26017,1,04:19:19,07:53 AM,12:13 PM,3.15,0,9.4,37.09999999999999,46.3,98.1,39.14637300000049,9.057583572209126,90,69.2,32.9,2.505979289575531,22.69811684555563,37.83667437309455
2024-01-24 00:00:00,26017,2,04:40:26,02:40 PM,07:20 PM,3.5,0,9.8,34.90000000000001,44.4,93.89999999999999,42.9522703749999,9.189835572922837,92.4,72.8,34.4,2.186147534931096,20.09033638416736,39.95413575683335
2024-01-25 00:00:00,26005,1,08:05:29,11:46 AM,07:51 PM,6.600000000000001,0,15.55,50.05,76.5,148,76.58521849199678,9.46502751797825,92.4,61.2,49.1,1.932487794827746,18.29105015620172,50.59731021045658
2024-01-25 00:00:00,26006,1,07:31:20,06:59 AM,02:30 PM,7,0,17.5,60.8,64.30000000000001,151.4,57.78750299999956,7.682238212703044,93.6,61.2,56.4,2.619943623450924,20.12703101920236,47.66864029693566
2024-01-25 00:00:00,26008,1,02:54:53,10:01 AM,12:56 PM,1.65,0,6.25,14.95,20,42,21.66969225399953,7.434565149566216,92,83.2,16.3,1.938190884655879,14.40960640426951,48.50044598933635
2024-01-25 00:00:00,26008,2,05:55:49,01:43 PM,07:39 PM,4.45,0,12.4,20,52,86.9,47.61317424600202,8.028826984196321,89.2,70.8,48,1.825125112453447,14.65361375240058,50.8001129236356
2024-01-25 00:00:00,26009,1,05:39:54,01:31 PM,07:11 PM,4.75,0,14.05,40.25,78,134.9,65.55464050000228,11.57186946160676,92.8,60.8,57.4,2.057825334272031,23.81288614298323,50.93541275896032
2024-01-25 00:00:00,26010,1,01:18:24,05:55 AM,07:14 AM,0.55,0,3,15.3,8.9,29.5,9.009879500001261,6.895315943878517,93.2,87.2,6.5,3.274183633643033,22.5765306122449,44.01762010236327
2024-01-25 00:00:00,26010,2,07:33:20,01:44 PM,09:17 PM,5.5,0,21.85,32.2,64.3,126.8,65.39805500799957,8.655624927529356,92.8,65.6,63.2,1.938895583125365,16.78235294117647,50.42519038883979
2024-01-25 00:00:00,26011,1,05:14:37,06:43 AM,11:58 AM,5.100000000000001,0,12.35,39.1,57.8,115.3,53.74859149999975,10.25030086348462,90.8,66,47.3,2.145172492566629,21.98866345287917,46.01426131619002
2024-01-25 00:00:00,26011,2,00:13:04,12:30 PM,12:43 PM,0.15,0,0.5499999999999999,1.9,2.2,5.2,2.640826749999178,12.12624528060847,65.6,64.8,2.3,1.969080326833867,23.87755102040817,49.4240005493164
2024-01-25 00:00:00,26011,3,05:22:39,01:51 PM,07:13 PM,4.85,0,10.5,24.35,51.8,90.2,53.67092012499961,9.980645304509457,86.4,66.8,44.2,1.680612141359308,16.77359367735937,50.92034810522338
2024-01-25 00:00:00,26013,1,02:04:38,06:41 AM,08:45 AM,1.2,0,4.4,17.25,21.8,44.2,18.64112999999998,8.974066327895146,91.2,82,15.4,2.371100893561713,21.27841668895427,44.21609613265996
2024-01-25 00:00:00,26013,2,02:15:42,08:48 AM,11:04 AM,1.35,0,4.800000000000001,16,24.3,45.7,23.37846250399889,10.33682940486318,81.6,72,18.8,1.954790653670361,20.2063375092115,46.60977965663456
2024-01-25 00:00:00,26013,3,02:14:41,11:56 AM,02:10 PM,1.35,0,4.35,11.25,22.7,38.2,21.90332775000024,9.757700767231887,71.2,62.4,17,1.744027228921851,17.01769582972404,50.4906671905519
2024-01-25 00:00:00,26013,4,04:27:21,05:35 PM,10:02 PM,1.05,0,7.450000000000001,12.15,12.6,32.7,12.81639824600097,2.876319037815815,76.8,70,7.4,2.551418844229751,7.338694595100057,49.37485375565092
2024-01-25 00:00:00,26016,1,01:18:24,12:01 AM,01:20 AM,0.09999999999999964,0,3.199999999999999,7.700000000000003,0.1000000000000085,11.19999999999999,0.5436996250009543,0.4160966517864446,70.8,68,0.5,20.59960957298864,8.571428571428562,40.02936691694619
2024-01-25 00:00:00,26016,2,01:38:30,01:30 AM,03:08 AM,0.6500000000000004,0,3.549999999999997,8.25,5.999999999999993,18.7,6.990423749999536,4.258126142131697,67.6,63.2,4.800000000000004,2.675088187608261,11.39086294416244,40.94690902883362
2024-01-25 00:00:00,26016,3,08:50:43,06:39 AM,03:30 PM,5.25,0,18.75,43.1,97.50000000000001,159.4,88.70071025000107,10.02802992494438,92.4,57.2,69.2,1.797054381534652,18.0209151147819,47.99747479011492
2024-01-25 00:00:00,26016,4,05:12:36,06:46 PM,11:58 PM,4.100000000000001,0,10.05,26.2,42,77,41.78719974999876,8.020575767754082,93.6,77.2,34,1.842669536620536,14.77927063339731,49.53049991681014
2024-01-25 00:00:00,26017,1,04:14:18,07:48 AM,12:03 PM,2.8,0,8.85,32.9,45.2,90,39.14637299999958,9.23626574911512,90.8,72,32.2,2.299063568417972,21.2347620920173,46.58574034698351
2024-01-25 00:00:00,26017,2,04:31:24,02:49 PM,07:20 PM,3.85,0,9.2,31.3,45.90000000000001,88.9,43.18528450000031,9.547225755342735,93.6,75.2,38.8,2.058571595146013,19.65364775239499,50.64447989938897
2024-01-26 00:00:00,26003,1,01:34:30,03:13 PM,04:47 PM,0.9,0,3.45,18.4,28.59999999999999,50.3,23.53380525399916,14.94209857396772,52.8,40,12.6,2.137350906796188,31.93650793650794,45.47536832709071
2024-01-26 00:00:00,26005,1,00:32:09,02:21 PM,02:53 PM,0.25,0,1.1,6.5,12.1,19.9,11.80604900000253,22.03306189736086,48.8,44.4,5.8,1.685576605687113,37.13841368584758,45.44272702823985
2024-01-26 00:00:00,26006,1,07:06:11,06:57 AM,02:03 PM,6.550000000000001,0,18.2,66.60000000000001,56.90000000000001,149.8,53.43790600000011,7.523227937898416,91.6,58.4,45,2.803253555631459,21.08951546673967,43.66196238342334
2024-01-26 00:00:00,26008,1,01:52:35,10:55 AM,12:47 PM,1.55,0,5.85,18,16.5,41,16.07735325400063,8.568241556536234,92.4,83.6,13.5,2.550170998438298,21.85048112509253,44.27153977166233
2024-01-26 00:00:00,26009,1,05:43:46,01:30 PM,07:13 PM,4.9,0,13.65,55.9,79.69999999999999,151.3,65.08736950799721,11.36015370061039,93.2,51.6,53,2.324567748607661,26.40744691166488,45.24495621617242
2024-01-26 00:00:00,26010,1,01:05:20,06:01 AM,07:07 AM,0.45,0,2.55,13.65,7.4,27,7.068716495999979,6.491678414693859,93.2,87.6,5.5,3.819646751327298,24.79591836734694,42.39227283651174
2024-01-26 00:00:00,26010,2,01:14:23,07:54 AM,09:09 AM,0.9,0,2.6,10.05,10.8,25.3,10.64035700400018,8.582855750481883,93.2,88,8,2.377739768551808,20.40779744566435,42.6632001304627
2024-01-26 00:00:00,26010,3,07:30:20,01:46 PM,09:17 PM,5.5,0,22.3,41.8,62.5,137.3,64.70087674599927,8.62039808606948,90.8,61.6,61.7,2.122073253180296,18.29311621021466,45.11847215049247
2024-01-26 00:00:00,26011,1,06:06:52,06:47 AM,12:54 PM,5.4,0,14.1,55.34999999999999,60,136.6,57.08846062500015,9.336655381155758,91.2,61.6,49,2.392777778635359,22.34054152280574,43.3314427352343
2024-01-26 00:00:00,26011,2,06:12:55,01:45 PM,07:58 PM,4.75,0,12.6,33.85,54.5,106,47.45721012499962,7.635573472625637,76.8,52.8,48.5,2.233591054358273,17.05474860335196,45.19656444441875
2024-01-26 00:00:00,26013,1,04:22:19,06:45 AM,11:07 AM,2.3,0,9.25,36.8,44.5,92.19999999999999,42.01959250399887,9.611190864374858,90.4,71.2,32.2,2.194214520077167,21.08901454984433,42.90332841108776
2024-01-26 00:00:00,26013,2,02:01:38,12:01 PM,02:02 PM,1.25,0,4.35,16.2,22,43.09999999999999,21.66969225399953,10.68935216694962,70,60.4,16.6,1.988953026873057,21.26061934776651,44.97637720029856
2024-01-26 00:00:00,26013,3,04:20:20,04:52 PM,09:13 PM,1.15,0,9.2,20.4,10.4,40.8,9.864885996001249,2.273597284609763,92,83.6,6.9,4.135881551650811,9.403329065300897,44.88488466556267
2024-01-26 00:00:00,26014,1,00:03:01,08:27 AM,08:30 AM,0.05,0,0.2,0,0.4,1.1,0.3106855000005453,6.179380110508084,93.6,93.2,0.1,3.540557895357426,21.87845303867404,42.54800024032593
2024-01-26 00:00:00,26014,2,07:37:20,11:37 AM,07:14 PM,7.25,0,19.3,58.35,66.7,154.1,67.49580350399992,8.855134570495617,86.4,44,44.3,2.283104904305165,20.21720116618076,45.12255262261937
2024-01-26 00:00:00,26016,1,03:09:58,12:01 AM,03:11 AM,0.5999999999999996,0,6.250000000000002,22.85,7.29999999999999,37.69999999999999,7.301730621000388,2.30621426878412,77.2,68.8,5.100000000000001,5.163159524342302,11.90735216704685,45.74915810434433
2024-01-26 00:00:00,26016,2,08:53:43,06:40 AM,03:34 PM,4.7,0,19.85,63.2,92.6,178.3,87.45672550800009,9.831815002616878,92,52.4,63.1,2.038722567810866,20.04434312837648,43.93586100402647
2024-01-26 00:00:00,26016,3,05:06:34,06:52 PM,11:58 PM,5.8,0,10.5,33.8,49.1,95.6,47.22419599999921,9.242530477329408,92,71.2,39.4,2.02438597366489,18.71044905947591,44.59935301051423
2024-01-26 00:00:00,26017,1,05:13:35,07:53 AM,01:06 PM,3.25,0,11.2,49.55,48.40000000000001,114.8,41.08815737500026,7.861672418283336,92.8,68.8,34.5,2.793992413732553,21.96545309593409,43.59993617024298
2024-01-26 00:00:00,26017,2,04:39:26,02:40 PM,07:19 PM,3.45,0,9.65,30.2,46.99999999999999,90.69999999999999,43.49596999999994,9.33946630084694,82.4,62.8,38.1,2.085250656555081,19.47512823571514,45.21316542934171
2024-01-27 00:00:00,26010,1,08:05:29,09:30 AM,05:36 PM,5.949999999999999,0,23.55,37.55,89.70000000000002,162.3,79.06945975000053,9.77205036561509,82.8,46.8,66.1,2.052625634640167,20.05836108345635,45.60721729527385
2024-01-27 00:00:00,26013,1,02:20:43,09:03 AM,11:23 AM,1.5,0,5.2,21.05,32.1,58.3,29.90285800399943,12.75024147985289,88,75.6,19,1.949646418151821,24.85846263176596,43.01242528063187
2024-01-27 00:00:00,26013,2,05:31:41,11:26 AM,04:58 PM,3.8,0,11.6,33.85,57.5,104.7,55.3803117460011,10.01804543920426,75.6,52,42.5,1.890563572126518,18.93975177126777,46.41267061147094
2024-01-27 00:00:00,26014,1,08:57:45,08:35 AM,05:32 PM,9.25,0,19.5,52.5,134.6,215.3,100.50675925,11.21414329149232,90,30.8,82.4,2.142144484675543,24.02231520223152,45.14567525707095
2024-01-27 00:00:00,26016,1,03:13:59,12:01 AM,03:15 AM,1.05,0,6.600000000000001,21.5,10.9,40.69999999999999,12.35036999600015,3.820030241910865,71.2,62.4,10.1,3.295447829755811,12.58871037030672,43.50023728400154
2024-01-27 00:00:00,26016,2,01:28:22,04:47 PM,06:15 PM,2,0,3.1,14.55,18.9,36.7,14.98995400399872,10.17801478958796,92.8,85.6,16.1,2.448306378405825,24.91889852885704,44.29154572920363
2024-01-27 00:00:00,26016,3,00:57:31,06:24 PM,07:21 PM,1.45,0,2.05,8.049999999999999,10.5,21.2,8.932829496001432,9.318512369053943,84.4,80.4,11.8,2.37326817997474,22.11532889017676,41.91466700236004
2024-01-27 00:00:00,26016,4,03:46:09,08:11 PM,11:58 PM,4.550000000000001,0,8,25.7,41.60000000000001,78.10000000000001,35.5747324920012,9.438354850851525,75.6,58.4,38.8,2.195378419712935,20.72076055715234,40.80542471176761
2024-01-28 00:00:00,26008,1,07:08:11,04:49 PM,11:58 PM,4.5,0,17.95,65.3,48.40000000000001,133.4,52.35050675000093,7.335713841423197,92.8,64,35,2.548208380045865,18.69292748433304,37.11516159580241
2024-01-28 00:00:00,26010,1,02:01:38,03:09 PM,05:11 PM,1.6,0,6.15,23.65,30.8,65.2,21.43729949999943,10.57471611400355,92.8,79.2,19.4,3.041427862683999,32.16223622910387,38.63373769971199
2024-01-28 00:00:00,26011,1,07:45:23,09:04 AM,04:50 PM,6.25,0,22.3,81.85000000000001,111,228.5,86.9919400000017,11.21552068187538,91.2,39.6,75.3,2.626680126917454,29.45958528811374,39.19196993698338
2024-01-28 00:00:00,26016,1,01:56:13,12:26 AM,02:22 AM,1.5,0,4.449999999999999,21.5,22.5,49.90000000000001,19.49613649599996,10.06540820100385,57.2,45.2,18,2.559481464968099,25.76222572780726,40.2839131106501
2024-01-29 00:00:00,26003,1,01:11:22,06:01 AM,07:13 AM,0.6,0,4.75,17.9,6.899999999999999,36.2,5.577426095998817,4.689101808873363,88.8,79.6,4.2,6.490449066814077,30.43437645959832,37.31200008392336
2024-01-29 00:00:00,26003,2,00:40:12,08:24 AM,09:04 AM,0.7,0,2.450000000000001,9.449999999999996,8.100000000000001,20.69999999999999,6.292002746000435,9.391048874627515,76,71.2,6.000000000000001,3.289890490457608,30.89552238805968,37.33414640426637
2024-01-29 00:00:00,26003,3,02:17:42,10:48 AM,01:06 PM,1.85,0,7.75,26.45,17.5,54.80000000000001,15.68837500799964,6.835893249673045,66.4,53.2,14.1,3.493032259367654,23.87799564270153,38.69469576711235
2024-01-29 00:00:00,26003,4,00:08:02,01:33 PM,01:41 PM,0.09999999999999999,0,0.25,0,1.9,2.6,2.097748496000349,15.66783109045904,52.8,52.4,1.2,1.239424080130322,19.41908713692946,39.0560001373291
2024-01-29 00:00:00,26003,5,04:29:22,02:43 PM,07:13 PM,4.15,0,10.35,51.2,43.1,107.5,38.99103024999931,8.685045718351535,72.4,45.6,43.4,2.7570443589395,23.94505630491276,38.10782162177079
2024-01-29 00:00:00,26005,1,07:28:17,06:42 AM,02:10 PM,5.8,0,16.4,71.85,70.30000000000001,168.5,66.09896149600172,8.84694432039284,87.6,50.4,61,2.549207978255339,22.55270104472618,38.11327520952936
2024-01-29 00:00:00,26006,1,07:13:14,06:48 AM,02:02 PM,7.25,0,15.95,67.25,58.4,153.2,53.59324874999947,7.422316515349624,86.4,52,46.1,2.858569009590065,21.21720397014695,38.10537504255777
2024-01-29 00:00:00,26006,2,00:11:03,05:14 PM,05:25 PM,0.2,0,0.25,0,2.2,2.5,2.252469875000315,12.23060565611031,93.2,92.4,1.3,1.10989275716713,13.57466063348416,37.85000000000001
2024-01-29 00:00:00,26008,1,03:19:01,12:01 AM,03:20 AM,0.1999999999999993,0,7.5,24.25,2.199999999999996,33.29999999999998,2.4071912540021,0.7257255267069392,63.6,56.4,1.600000000000001,13.83354976246143,10.03936018758897,36.64219087955346
2024-01-29 00:00:00,26008,2,07:28:17,11:38 AM,07:07 PM,5.65,0,20.55,73.15,66.6,162.7,66.64203975000055,8.919632044465999,92.8,57.6,45.4,2.44140186300343,21.77640629066439,38.47122154459846
2024-01-29 00:00:00,26009,1,04:03:14,06:49 AM,10:52 AM,3.35,0,11.15,51.6,61.7,125.5,50.33105100000103,12.4154983966016,90.8,56,28.9,2.493490549203859,30.95792791558174,37.55718517126861
2024-01-29 00:00:00,26009,2,02:04:37,11:58 AM,02:03 PM,1.600000000000001,0,5.399999999999999,21.3,27.7,55.09999999999999,25.24381824600277,12.15430596303464,54.4,38.4,16,2.182712593754504,26.52935669386117,38.91660810546875
2024-01-29 00:00:00,26009,3,00:07:03,02:08 PM,02:15 PM,0.09999999999999999,0,0.3,0.4,2.1,2.8,2.174798500000179,18.50892340425684,73.2,44.8,0.8,1.287475598313945,23.82978723404255,39.2
2024-01-29 00:00:00,26010,1,04:31:23,07:42 AM,12:13 PM,3.55,0,15.2,49.65,41.5,118.2,34.17540499999996,7.555822514278685,90.8,65.6,39.3,3.458627630016386,26.13277651538414,37.90678969133382
2024-01-29 00:00:00,26010,2,05:13:36,01:38 PM,06:52 PM,4,0,10.7,40.55,67,125.7,60.11764425000001,11.50210030293368,85.6,58,48.7,2.090900293385997,24.04974489795918,38.4186965314724
2024-01-29 00:00:00,26011,1,05:46:46,06:47 AM,12:34 PM,5.45,0,13.7,55.9,60.7,141.7,57.01078925000002,9.864406483706626,92.8,62.4,50.2,2.485494445246606,24.51792752090743,37.86992487866078
2024-01-29 00:00:00,26011,2,05:30:41,01:49 PM,07:20 PM,5.85,0,18.25,45.15,51.40000000000001,122.7,51.57379299999957,9.357676266317144,88.8,62.4,48,2.379115299896617,22.26299077667456,38.25603641856794
2024-01-29 00:00:00,26013,1,07:21:14,06:46 AM,02:07 PM,4.4,0,16.5,70.4,68.80000000000001,161.5,64.23360575399965,8.734644583908693,88,52.8,49.6,2.514260224134215,21.96116944927098,38.11365913206888
2024-01-29 00:00:00,26013,2,04:20:20,02:56 PM,07:16 PM,2.9,0,11.5,43.4,49.7,106.9,43.34186999200028,9.989163378437967,67.6,42.4,37.9,2.466437189252121,24.63764404609475,38.04384621656865
2024-01-29 00:00:00,26016,1,00:40:13,07:09 AM,07:50 AM,0.5,0,2.1,7.750000000000002,9.399999999999999,20.9,7.456452000000354,11.1244207210946,90.4,86,5.7,2.802941667162748,31.18110236220472,37.37804880142214
2024-01-29 00:00:00,26016,2,00:51:19,08:41 AM,09:32 AM,0.45,0,3.000000000000001,9.799999999999997,12.3,25.6,10.0202287459997,11.71575949516042,81.2,75.2,8.9,2.554831895451497,29.93179603767457,37.43489792590242
2024-01-29 00:00:00,26016,3,03:27:03,09:47 AM,01:14 PM,2.25,0,10.5,31.3,46.59999999999998,90.4,41.39822150400141,11.99658676764108,75.2,54.8,31.7,2.183668687101987,26.19657087659986,38.52539133403602
2024-01-29 00:00:00,26016,4,01:57:37,02:31 PM,04:28 PM,0.8499999999999996,0,3.449999999999999,8.300000000000011,13.10000000000001,25.80000000000001,11.65194899200105,5.944029526881648,51.6,38,9.399999999999991,2.214221845436455,13.16140002834066,38.98918648897588
2024-01-29 00:00:00,26016,5,00:28:49,06:52 PM,07:21 PM,0.5,0,1.05,5.15,6.4,12.9,5.203360753999732,10.83406519051419,82,80.4,4.6,2.479166948031423,26.85945633314054,36.75200018882753
2024-01-29 00:00:00,26016,6,03:49:10,08:09 PM,11:58 PM,3.05,0,8.5,33.95,27.5,72.4,28.27238049999869,7.402223258181475,76.8,60.4,21.4,2.560803113130264,18.95563636363637,35.18018343542337
2024-01-29 00:00:00,26017,1,04:18:19,07:53 AM,12:11 PM,3.2,0,10.15,40.59999999999999,49.09999999999999,109.6,38.36965925000004,8.91223777663076,89.2,65.6,33.2,2.856423594640077,25.45712626621072,37.9265349038811
2024-01-29 00:00:00,26017,2,05:45:45,01:29 PM,07:14 PM,4.6,0,15.2,39,74.60000000000001,135,63.61285612499978,11.03910735357914,87.6,58,54.7,2.122212524693497,23.42733188720173,38.32166284863332
2024-01-30 00:00:00,26003,1,08:16:32,05:40 AM,01:56 PM,2.9,0,26.85,94.85,32.90000000000001,162.8,28.42772325000078,3.435143786922758,90.8,51.2,24.2,5.72680402747327,19.67239527389903,34.83079998124724
2024-01-30 00:00:00,26003,2,04:21:20,02:57 PM,07:18 PM,3.45,0,9.8,43.2,48.7,103.8,43.88370550400032,10.07534054938783,73.6,47.6,41.2,2.365342643878099,23.83163265306123,36.64048282689052
2024-01-30 00:00:00,26005,1,07:30:18,06:43 AM,02:14 PM,5.25,0,16.45,70.7,70.00000000000001,165.5,68.50491000799957,9.127902732578224,85.2,48.4,60.3,2.415885226046921,22.05196535642905,35.17104675220213
2024-01-30 00:00:00,26005,2,02:39:29,04:37 PM,07:17 PM,1.95,0,5.350000000000001,23.95,27.5,59.2,29.36102249200121,11.04605298058359,90.8,76,20,2.016278554880975,22.27191974082976,36.24064155434672
2024-01-30 00:00:00,26006,1,08:22:35,06:51 AM,03:14 PM,7.85,0,18.6,80.05,65.4,175.8,62.9914851249996,7.520124239761186,85.6,46.4,50.1,2.790853393139477,20.98756425136794,35.46507199070449
2024-01-30 00:00:00,26008,1,07:16:13,11:53 AM,07:09 PM,5.3,0,20.5,66.25,66,155,67.18511800399938,9.241066167974544,90,56.4,42.7,2.307058536248656,21.31968058686433,36.8436138403004
2024-01-30 00:00:00,26009,1,04:04:15,06:46 AM,10:50 AM,2.95,0,11,47.8,52.7,112.4,50.09741550399849,12.30642755471815,88.4,64,35.7,2.243628715557769,27.61105424769703,33.85731965352286
2024-01-30 00:00:00,26009,2,02:02:38,11:55 AM,01:58 PM,1.35,0,5.399999999999999,18.35000000000001,23.99999999999999,48.09999999999999,26.09758199999851,12.7685913563461,61.6,50.4,18.2,1.843082627348493,23.53356890459364,36.98424389071583
2024-01-30 00:00:00,26009,3,04:00:13,03:08 PM,07:08 PM,3,0,9.85,36.6,48.90000000000001,96,40.07842950000122,10.01057005481193,72.8,46.8,36.8,2.395303438723742,23.97835287587595,36.63612506866453
2024-01-30 00:00:00,26010,1,06:45:03,12:06 PM,06:51 PM,5.35,0,14.8,60.85,89.99999999999999,178.1,77.903767754,11.5398742506851,92.8,54.4,67.7,2.2861538682236,26.38192815701765,36.88762380061759
2024-01-30 00:00:00,26011,1,05:23:39,06:44 AM,12:08 PM,5.350000000000001,0,12.55,47.60000000000001,57,125.4,56.93311787499988,10.55457152016064,86.8,60,47,2.202584447866061,23.24733508419589,34.45351700649908
2024-01-30 00:00:00,26011,2,03:25:03,01:45 PM,05:10 PM,2.7,0,7.25,38.7,53.00000000000001,99.9,46.83583912500035,13.70470786393573,89.6,68.4,41.9,2.132981961385949,29.23189465983906,37.18610739963805
2024-01-30 00:00:00,26013,1,06:44:04,06:42 AM,01:26 PM,3.7,0,14.95,65.6,60.09999999999999,144.6,57.865795746,8.592512154990926,82.4,50,44.7,2.498885535674942,21.47170433921795,34.92600494451612
2024-01-30 00:00:00,26013,2,00:35:11,01:29 PM,02:05 PM,0.45,0,1.3,4.95,5.4,12.3,6.292002746000435,10.73008521345408,50,46.8,4.6,1.954862465344377,20.97584083372809,37.16549994945525
2024-01-30 00:00:00,26014,1,04:26:23,02:44 PM,07:10 PM,4.9,0,12.75,48.15,42.5,109.1,38.91398024599948,8.764958323568674,88.8,59.2,40.2,2.803619658290183,24.5736094600513,36.69847374822848
2024-01-30 00:00:00,26016,1,02:57:54,12:01 AM,02:59 AM,0.6500000000000004,0,6.249999999999998,23.49999999999999,9.50000000000001,41,8.545093992001057,2.881987855649598,60,50,6.800000000000001,4.79807478283791,13.82799325463744,33.9358089948639
2024-01-30 00:00:00,26016,2,07:39:20,07:31 AM,03:10 PM,4.35,0,16.65,57.05,78.60000000000001,156.7,73.71075624599871,9.628400670740033,87.6,53.2,58.8,2.12587698160411,20.46879535558781,35.65399999160418
2024-01-30 00:00:00,26016,3,05:08:05,06:50 PM,11:58 PM,4.100000000000001,0,11.65,47.35,38.2,101.7,37.51465275400005,7.306072486578318,92,70.4,28.9,2.710940726731266,19.80632945631593,35.24410423494702
2024-01-30 00:00:00,26017,1,04:24:21,07:56 AM,12:20 PM,4.15,0,11.9,41.65,40.59999999999999,100.1,34.33074775000023,7.792112218649569,89.2,68,33.5,2.915753560887684,22.71987894836391,34.93359089480199
2024-01-30 00:00:00,26017,2,05:43:46,01:37 PM,07:21 PM,5.05,0,17.8,39.7,62.7,126.8,52.27283537499989,9.1235434572869,89.2,62,55.9,2.425734113911174,22.13129060409192,36.78039073471401
2024-01-31 00:00:00,26003,1,07:17:14,05:47 AM,01:04 PM,3.2,0,25,82.45,35.40000000000001,149.4,30.29183625000042,4.156842666006003,91.2,54.8,28.3,4.932021907387604,20.5016390943051,36.47477522880667
2024-01-31 00:00:00,26003,2,04:27:22,02:43 PM,07:11 PM,4.1,0,10.4,51.09999999999999,44.6,107.9,38.98978750800052,8.749734137189993,82.8,57.6,42.6,2.7673913323549,24.21393841166936,39.24705629884515
2024-01-31 00:00:00,26005,1,07:33:19,06:39 AM,02:13 PM,5.65,0,17.15,79.19999999999999,71.69999999999999,179.4,68.42786000400156,9.056961506467356,93.2,54.4,61.4,2.621739156967775,23.74499062465532,37.34500443070336
2024-01-31 00:00:00,26006,1,08:31:38,06:47 AM,03:19 PM,7.600000000000001,0,26.75,95.25,64.1,199.8,62.68079962499996,7.350670358003774,92.8,49.6,50.4,3.187578990621406,23.43084240015636,37.76501178517056
2024-01-31 00:00:00,26008,1,07:40:21,11:39 AM,07:19 PM,5.45,0,23.75,49.65,62.40000000000001,139.1,67.26465349200225,8.76697992727302,91.6,61.2,42,2.06795088919233,18.12968393613555,39.5435294843188
2024-01-31 00:00:00,26009,1,04:05:15,06:45 AM,10:50 AM,2.8,0,10.95,46.90000000000001,53.2,111.6,50.09741550399849,12.2562484413452,92.8,62.8,36.6,2.227659827902554,27.30275229357798,35.46253876822317
2024-01-31 00:00:00,26009,2,02:02:37,11:54 AM,01:57 PM,1.4,0,5.299999999999999,16.00000000000001,24.20000000000002,46.09999999999999,26.25292474999878,12.84634077749023,60.8,50,19.59999999999999,1.755994824919541,22.55810792442571,40.12780490735682
2024-01-31 00:00:00,26009,3,02:29:47,04:37 PM,07:07 PM,2,0,5.65,32.2,31.09999999999999,69,22.60299149600178,9.054274995616602,93.6,75.2,27.1,3.052693269039426,27.63992433515077,38.66600016307822
2024-01-31 00:00:00,26010,1,06:28:59,12:11 PM,06:40 PM,5.55,0,13.3,49.3,94,168.8,77.05000400000063,11.88482858734317,92,55.2,74.9,2.190785090679536,26.03710527443335,39.72881966177945
2024-01-31 00:00:00,26011,1,05:26:42,06:45 AM,12:12 PM,5.3,0,12.8,57.7,56.99999999999999,137.6,56.93373924600019,10.45615045840224,92,62.8,48.6,2.416844595529827,25.27089072543618,36.36085889017654
2024-01-31 00:00:00,26011,2,05:39:45,01:51 PM,07:30 PM,5.65,0,13.1,53.05,51.20000000000001,123.5,51.49550025399913,9.094128080176446,91.6,65.2,49.4,2.398267797979281,21.81015452538632,39.29515053909436
2024-01-31 00:00:00,26013,1,08:38:39,06:41 AM,03:20 PM,4.850000000000001,0,18.4,73.45,77.90000000000002,175.1,74.48746999600007,8.617079340133046,84.4,45.2,58.8,2.350730935141209,20.25643497541695,37.72354740893582
2024-01-31 00:00:00,26014,1,00:32:09,08:26 AM,08:58 AM,0.3,0,1.5,9.35,7.9,20.3,6.678495508000196,12.46375522488372,91.2,84.8,3.6,3.039606746112586,37.88491446345257,34.87672731226142
2024-01-31 00:00:00,26016,1,03:17:01,12:01 AM,03:18 AM,0.8999999999999995,0,6.850000000000001,27.00000000000001,10.9,46.69999999999999,10.87399249999908,3.311595719481996,70.4,60,7.499999999999996,4.29465074580509,14.2221470264783,34.39920811459501
2024-01-31 00:00:00,26016,2,08:07:30,07:09 AM,03:17 PM,4.4,0,19.75,74.65,82.00000000000001,179.6,76.73931850000008,9.44483920000001,92.4,53.2,60.2,2.34039086495145,22.10461538461539,37.92311113233913
2024-01-31 00:00:00,26016,3,05:06:33,06:51 PM,11:58 PM,5.3,0,11.45,51.75,47.3,114.9,42.2532280000014,8.270082139944817,93.6,69.2,39.5,2.719318864821314,22.48899037677377,36.00188236867671
2024-01-31 00:00:00,26017,1,04:23:20,07:53 AM,12:16 PM,3.7,0,13.45,42.84999999999999,40.3,102.9,34.25307637500009,7.804498414556982,90.8,68.8,32.5,3.004109729399444,23.44556962025316,36.99236501532355
2024-01-31 00:00:00,26017,2,05:43:45,01:24 PM,07:08 PM,4.45,0,11.4,41.1,77.5,134.3,63.53518474999964,11.08977770181812,88,58.8,56,2.113789399187995,23.44145454545454,39.48590096732278
