Date,Bus,ID,Type,Duration,SOC Start [%],SOC End [%],Air Compressor Energy Consumption [kWh],Rear HVAC Energy Consumption [kWh],LV Access. Energy Consumption [kWh],Electric Heater Energy Consumption[kWh],Energy Transferred [kWh]
2024-10-01,26003,1,Depot,05:28:39,93.6,93.2,0.0,0.0,5.200000000000001,0.0,5.400000000000006
2024-10-01,26003,2,Depot,01:15:23,63.6,90.8,0.0,0.0,1.6,0.0,126.4
2024-10-01,26003,3,Depot,01:55:35,91.2,93.6,0.0,0.0,1.9,0.0,11.6
2024-10-01,26005,1,Depot,02:02:37,76.8,93.6,0.0,0.0,1.95,0.0,69.4
2024-10-01,26005,2,Depot,01:42:31,58.8,90.8,0.0,0.2,2.0,0.0,152.8
2024-10-01,26006,1,Depot,02:28:46,64.0,91.2,0.1,0.0,4.100000000000001,0.05,131.9
2024-10-01,26008,1,Depot,02:16:42,79.2,93.6,0.0,0.0,2.1,0.0,71.7
2024-10-01,26008,2,Depot,00:08:02,74.8,78.0,0.0,0.0,0.15,0.0,16.3
2024-10-01,26008,3,Depot,01:22:25,66.8,92.4,0.0,0.0,1.95,2.45,124.2
2024-10-01,26008,4,Depot,00:15:04,92.4,93.6,0.0,0.0,0.4500000000000002,0.0,4.000000000000014
2024-10-01,26009,1,Depot,01:31:28,70.4,91.6,0.15,0.0,2.05,0.0,81.0
2024-10-01,26010,1,Depot,01:46:34,51.2,90.8,0.05,0.0,3.25,0.0,188.8
2024-10-01,26011,1,Depot,00:50:15,77.2,76.8,0.0,0.0,0.8999999999999999,0.0,0.1
2024-10-01,26011,2,Depot,02:18:42,30.8,84.8,0.0,0.0,3.05,0.0,213.8
2024-10-01,26011,3,Depot,00:23:07,63.2,72.0,0.0,0.0,0.5499999999999999,0.0,2.0
2024-10-01,26011,4,Depot,02:59:56,71.6,79.2,0.0,0.0,1.9,0.0,0.6
2024-10-01,26012,1,Depot,04:37:24,75.2,92.4,0.0,0.0,5.55,0.0,76.2
2024-10-01,26012,2,Depot,00:06:02,92.4,92.4,0.05,0.0,0.1000000000000005,0.0,0.1000000000000085
2024-10-01,26013,1,Depot,05:30:42,93.2,93.6,0.1,0.0,5.1,0.0,4.900000000000006
2024-10-01,26013,2,Depot,01:20:24,74.8,92.8,0.0,0.0,1.3,0.0,88.4
2024-10-01,26013,3,Depot,01:03:20,84.8,93.6,0.0,0.0,1.15,0.0,44.3
2024-10-01,26013,4,Depot,00:21:06,93.6,93.6,0.0,0.0,0.45,0.05,0.1999999999999957
2024-10-02,26003,1,Depot,01:43:32,77.2,92.8,0.0,0.0,1.7,0.0,77.5
2024-10-02,26003,2,Depot,01:31:28,58.8,89.2,0.0,0.0,2.0,0.0,144.7
2024-10-02,26005,1,Depot,03:07:57,90.8,94.0,0.05,0.0,3.1,0.0,7.800000000000011
2024-10-02,26005,2,Depot,02:25:44,93.6,93.6,0.05,0.0,2.35,0.0,2.0
2024-10-02,26005,3,Depot,01:29:27,64.4,91.2,0.05,0.0,1.7,0.0,129.5
2024-10-02,26006,1,Depot,00:55:17,74.0,90.4,0.05,0.0,1.4,0.0,80.1
2024-10-02,26008,1,Depot,00:08:03,61.2,64.4,0.0,0.0,0.15,0.0,13.2
2024-10-02,26008,2,Depot,01:49:34,64.4,93.6,0.0,0.0,2.05,0.0,140.5
2024-10-02,26009,1,Depot,05:35:45,92.0,93.6,0.4,0.0,7.399999999999999,0.0,11.40000000000001
2024-10-02,26009,2,Depot,01:07:41,80.4,93.2,0.05,0.0,0.8,0.0,7.8
2024-10-02,26009,3,Depot,00:36:12,76.4,89.6,0.05,0.0,0.7999999999999999,0.0,66.10000000000001
2024-10-02,26010,1,Depot,01:48:32,44.0,88.0,0.05,0.0,2.25,0.0,166.0
2024-10-02,26011,1,Depot,05:38:43,79.2,79.2,0.0,0.0,5.449999999999999,0.0,0.5
2024-10-02,26011,2,Depot,00:18:06,39.2,43.2,0.0,0.0,0.35,0.0,14.7
2024-10-02,26011,3,Depot,00:21:06,43.6,48.4,0.0,0.0,0.4,0.0,17.4
2024-10-02,26011,4,Depot,02:19:42,48.8,90.4,0.0,0.0,2.75,0.0,156.7
2024-10-02,26012,1,Depot,02:20:43,60.4,88.8,0.0,0.0,2.5,0.0,135.4
2024-10-02,26013,1,Depot,02:00:37,80.8,93.6,0.0,0.0,2.45,0.15,64.9
2024-10-02,26013,2,Depot,01:44:32,74.4,92.4,0.05,0.0,1.8,0.0,87.1
2024-10-03,26003,1,Depot,02:04:39,49.2,93.2,0.0,0.0,2.7,0.0,165.8
2024-10-03,26005,1,Depot,01:52:34,63.2,91.2,0.0,0.0,2.1,0.0,135.2
2024-10-03,26006,1,Depot,02:14:41,76.8,93.6,0.1,0.0,3.3,0.0,80.6
2024-10-03,26006,2,Depot,00:14:04,61.6,68.0,0.0,0.0,0.35,0.0,29.1
2024-10-03,26006,3,Depot,02:04:38,64.8,90.8,0.1,0.0,3.2,0.0,122.9
2024-10-03,26008,1,Depot,05:33:42,93.6,93.6,0.0,0.0,5.25,0.0,9.5
2024-10-03,26008,2,Depot,02:43:49,60.8,93.6,0.0,0.0,2.6,0.0,149.1
2024-10-03,26009,1,Depot,02:48:51,88.4,93.6,0.15,0.0,3.95,0.0,20.2
2024-10-03,26009,2,Depot,00:37:12,76.4,90.4,0.05,0.0,0.95,0.0,68.2
2024-10-03,26010,1,Depot,05:22:38,88.0,93.6,0.09999999999999999,0.0,5.05,0.0,7.5
2024-10-03,26010,2,Depot,01:55:36,56.0,90.4,0.05,0.0,1.85,0.0,165.3
2024-10-03,26011,1,Depot,00:33:11,62.4,69.6,0.0,0.0,0.6,0.0,2.2
2024-10-03,26011,2,Depot,01:34:29,32.8,75.6,0.0,0.0,1.9,0.0,165.4
2024-10-03,26012,1,Depot,01:09:21,66.0,89.6,0.0,0.0,1.1,0.0,110.2
2024-10-03,26013,1,Depot,02:20:43,80.4,93.6,0.05,0.0,2.2,0.0,63.1
2024-10-03,26013,2,Depot,01:48:34,72.8,92.0,0.0,0.0,1.8,0.0,93.3
2024-10-04,26003,1,Depot,00:38:12,91.2,92.8,0.0,0.0,0.75,0.0,7.1
2024-10-04,26003,2,Depot,01:45:32,47.2,90.0,0.0,0.35,2.5,0.0,198.0
2024-10-04,26005,1,Depot,02:16:42,73.2,92.8,0.0,0.0,3.8,3.7,96.6
2024-10-04,26005,2,Depot,05:50:48,58.4,93.6,0.05,0.0,7.0,0.05,171.1
2024-10-04,26006,1,Depot,03:55:12,72.0,93.6,0.05,0.0,3.95,0.0,105.7
2024-10-04,26006,2,Depot,01:58:37,89.2,93.6,0.1,0.1,2.4,0.2,19.5
2024-10-04,26008,1,Depot,06:19:56,73.6,93.6,0.05,0.0,6.25,0.0,99.3
2024-10-04,26009,1,Depot,00:18:05,89.2,92.0,0.0,0.0,0.5,0.0,10.6
2024-10-04,26009,2,Depot,00:37:12,75.6,89.6,0.0,0.0,0.8999999999999999,0.0,42.9
2024-10-04,26009,3,Depot,00:12:03,89.6,91.2,0.0,0.0,0.4,0.0,6.3
2024-10-04,26009,4,Depot,02:05:39,75.6,93.6,0.15,0.5,3.5,0.0,22.0
2024-10-04,26010,1,Depot,05:30:40,90.4,94.0,0.2,0.0,5.15,0.0,5.0
2024-10-04,26010,2,Depot,01:24:26,67.6,92.0,0.0,1.45,2.1,0.0,94.4
2024-10-04,26010,3,Depot,02:20:42,80.4,93.6,0.05,0.05,2.5,0.0,49.7
2024-10-04,26011,1,Depot,00:52:16,76.8,90.4,0.0,0.0,1.05,0.0,51.69999999999999
2024-10-04,26011,2,Depot,04:32:24,90.4,93.6,0.0,0.0,4.25,0.0,9.199999999999989
2024-10-04,26011,3,Depot,00:22:07,46.4,54.8,0.0,0.0,0.4,0.0,34.3
2024-10-04,26011,4,Depot,02:10:40,56.0,92.8,0.0,0.0,2.95,0.0,142.3
2024-10-04,26012,1,Depot,02:21:43,76.0,93.6,0.0,0.0,2.85,0.0,77.7
2024-10-04,26012,2,Depot,00:50:16,88.8,92.0,0.0,0.0,1.1,0.0,3.1
2024-10-04,26012,3,Depot,01:50:34,68.0,91.6,0.0,0.0,1.9,0.0,109.1
2024-10-04,26013,1,Depot,02:24:45,53.6,91.6,0.0,0.0,3.95,0.0,180.7
2024-10-04,26014,1,Depot,01:56:36,45.6,86.0,0.0,0.0,4.5,0.0,186.6
2024-10-04,26014,2,Depot,01:56:36,64.8,88.0,0.0,0.0,3.35,0.0,109.5
2024-10-04,26017,1,Depot,06:20:57,88.0,93.6,0.0,0.15,6.4,0.0,17.7
2024-10-05,26003,1,Depot,10:33:13,90.4,93.6,0.05,0.0,10.1,0.0,23.90000000000001
2024-10-05,26003,2,Depot,01:19:25,67.6,90.8,0.0,0.0,1.3,0.0,111.8
2024-10-05,26003,3,Depot,01:08:20,90.8,93.6,0.0,0.0,1.1,0.0,6.800000000000011
2024-10-05,26005,1,Depot,01:47:33,75.2,92.4,0.0,0.0,1.75,0.0,85.5
2024-10-05,26008,1,Depot,01:00:19,78.4,91.6,0.0,0.0,1.5,4.199999999999999,64.8
2024-10-05,26008,2,Depot,01:42:31,63.2,91.2,0.0,0.0,1.65,0.0,135.6
2024-10-05,26009,1,Depot,02:06:38,66.4,93.6,0.1,0.0,2.8,0.0,105.3
2024-10-05,26010,1,Depot,02:44:51,51.6,92.8,0.05,0.0,2.85,0.0,149.4
2024-10-05,26012,1,Depot,01:47:33,77.6,92.8,0.0,0.0,2.15,0.0,63.2
2024-10-05,26014,1,Depot,07:20:15,88.0,92.0,0.0,0.0,11.15,0.0,1.700000000000003
2024-10-05,26014,2,Depot,03:35:06,51.6,91.6,0.0,0.0,5.65,0.0,145.8
2024-10-06,26003,1,Depot,08:04:28,93.6,94.0,0.05,0.0,7.699999999999999,0.0,2.800000000000011
2024-10-06,26005,1,Depot,08:11:30,92.4,93.2,0.09999999999999999,0.0,7.8,0.0,1.400000000000006
2024-10-06,26006,1,Depot,01:58:36,87.2,93.6,0.1,0.0,2.85,0.0,26.8
2024-10-06,26006,2,Depot,00:15:05,93.6,94.0,0.04999999999999999,0.0,0.3499999999999996,0.0,0.1000000000000014
2024-10-06,26008,1,Depot,08:14:31,91.2,93.6,0.05,0.0,7.749999999999999,0.0,5.599999999999994
2024-10-06,26008,2,Depot,06:44:04,79.2,93.6,0.05,0.0,6.25,0.0,71.8
2024-10-06,26011,1,Depot,06:32:20,50.8,75.6,0.0,0.0,6.3,0.0,3.2
2024-10-06,26011,2,Depot,00:53:16,75.6,75.6,0.0,0.0,0.8000000000000007,0.0,0.0
2024-10-06,26011,3,Depot,06:32:09,74.4,76.4,0.0,0.0,6.1,0.0,0.1
2024-10-06,26011,4,Depot,00:27:08,74.8,75.2,0.0,0.0,0.45,0.0,0.1
2024-10-06,26014,1,Depot,03:51:10,82.0,91.2,0.0,0.0,6.3,0.0,8.8
2024-10-06,26017,1,Depot,03:23:03,54.0,93.6,0.0,0.0,3.7,0.0,171.5
2024-10-07,26003,1,Depot,01:47:33,78.8,93.2,0.0,0.35,2.65,0.0,72.2
2024-10-07,26003,2,Depot,00:49:15,35.6,65.2,0.05,0.0,0.95,0.0,99.0
2024-10-07,26003,3,Depot,00:26:08,66.0,77.6,0.0,0.0,0.6499999999999999,0.0,55.3
2024-10-07,26005,1,Depot,01:52:34,77.6,92.4,0.0,0.0,1.8,0.0,72.0
2024-10-07,26005,2,Depot,01:16:24,68.0,84.0,0.0,0.2,2.15,1.15,77.2
2024-10-07,26006,1,Depot,01:05:20,71.6,90.4,0.05,0.05,2.8,0.0,91.0
2024-10-07,26008,1,Depot,02:23:44,60.0,94.0,0.0,0.0,2.45,0.0,162.8
2024-10-07,26009,1,Depot,00:16:04,67.2,74.8,0.05,0.4,0.7,0.0,20.8
2024-10-07,26009,2,Depot,05:29:41,68.4,92.8,0.35,0.0,7.600000000000001,0.0,73.4
2024-10-07,26010,1,Depot,00:48:15,89.2,93.2,0.05,0.0,1.55,0.0,4.300000000000001
2024-10-07,26010,2,Depot,02:23:44,46.4,90.4,0.05,0.0,2.6,0.0,167.8
2024-10-07,26011,1,Depot,04:39:26,28.0,93.6,0.0,0.0,5.4,0.0,236.4
2024-10-07,26012,1,Depot,02:59:54,62.8,94.0,0.0,0.0,2.95,0.0,143.2
2024-10-07,26013,1,Depot,03:39:07,63.2,93.2,0.05,0.0,3.6,0.0,135.9
2024-10-07,26014,1,Depot,05:24:39,91.2,91.2,0.0,0.0,8.2,0.0,0.9000000000000004
2024-10-07,26014,2,Depot,03:51:11,50.4,92.4,0.0,0.0,6.15,0.0,147.3
2024-10-07,26017,1,Depot,02:00:38,68.4,91.6,0.0,0.0,1.95,0.0,111.6
2024-10-08,26003,1,Depot,02:57:55,78.8,93.2,0.0,0.0,3.05,0.0,50.60000000000002
2024-10-08,26003,2,Depot,01:38:30,93.2,93.2,0.0,0.0,1.55,0.0,0.5
2024-10-08,26003,3,Depot,01:00:19,41.6,70.0,0.05,0.0,1.2,0.0,123.5
2024-10-08,26005,1,Depot,01:10:22,72.0,90.0,0.0,0.0,1.2,0.0,88.7
2024-10-08,26005,2,Depot,01:45:33,70.0,89.2,0.0,0.0,1.75,0.0,92.10000000000001
2024-10-08,26005,3,Depot,02:56:54,89.2,91.6,0.05,0.0,3.55,0.0,2.5
2024-10-08,26006,1,Depot,00:51:16,74.4,89.6,0.1,0.0,1.2,0.0,75.6
2024-10-08,26006,2,Depot,03:59:12,54.8,93.6,0.25,0.0,6.15,0.0,171.2
2024-10-08,26008,1,Depot,03:34:05,58.0,94.0,0.0,0.0,4.6,3.5,170.8
2024-10-08,26009,1,Depot,02:07:39,65.6,91.6,0.2,0.0,3.1,0.0,124.0
2024-10-08,26010,1,Depot,03:46:09,53.2,93.6,0.15,0.0,4.65,0.0,151.7
2024-10-08,26011,1,Depot,01:30:25,55.6,68.4,0.0,0.0,1.3,0.0,2.0
2024-10-08,26011,2,Depot,02:04:39,40.0,89.6,0.0,0.0,3.15,4.2,184.9
2024-10-08,26012,1,Depot,00:56:17,88.4,92.0,0.0,0.0,1.25,0.0,3.7
2024-10-08,26012,2,Depot,04:17:19,70.0,92.0,0.0,0.0,4.55,0.0,96.19999999999999
2024-10-08,26012,3,Depot,01:43:32,88.8,92.4,0.0,0.0,1.75,0.0,15.2
2024-10-08,26013,1,Depot,05:25:40,70.8,93.6,0.05,0.0,6.2,0.0,103.4
2024-10-08,26013,2,Depot,01:25:27,93.6,93.6,0.0,0.0,1.4,0.0,0.7999999999999972
2024-10-08,26014,1,Depot,01:50:37,90.4,92.8,0.0,0.0,3.4,0.0,8.4
2024-10-08,26014,2,Depot,02:20:44,62.4,91.6,0.0,0.0,4.0,0.0,114.2
2024-10-08,26017,1,Depot,04:45:28,91.6,93.2,0.0,0.0,4.45,0.0,3.299999999999997
2024-10-08,26017,2,Depot,03:28:04,66.0,93.6,0.0,0.0,4.8,4.2,129.5
2024-10-09,26003,1,Depot,02:46:51,71.6,92.0,0.0,0.0,3.2,0.0,103.6
2024-10-09,26003,2,Depot,02:20:42,38.4,91.6,0.0,0.0,3.0,0.0,204.0
2024-10-09,26005,1,Depot,02:01:38,73.6,90.8,0.0,0.0,2.05,0.0,83.5
2024-10-09,26005,2,Depot,01:03:19,71.6,86.8,0.0,0.0,1.4,0.0,72.5
2024-10-09,26006,1,Depot,02:48:52,93.6,93.6,0.2,0.0,3.9,0.0,0.6000000000000227
2024-10-09,26006,2,Depot,02:05:39,68.4,91.6,0.1,2.1,3.45,0.0,112.6
2024-10-09,26008,1,Depot,02:46:52,94.0,94.0,0.05,0.0,2.649999999999999,0.0,1.900000000000006
2024-10-09,26008,2,Depot,01:58:36,53.6,90.8,0.0,0.0,2.15,0.0,176.5
2024-10-09,26009,1,Depot,02:58:54,91.6,93.2,0.2,0.0,3.899999999999999,0.0,4.799999999999997
2024-10-09,26009,2,Depot,01:27:27,84.0,92.0,0.05,0.0,2.05,0.0,39.4
2024-10-09,26010,1,Depot,02:52:52,93.6,94.0,0.1,0.0,2.75,0.0,1.5
2024-10-09,26010,2,Depot,01:49:33,40.0,65.2,0.05,0.0,1.85,0.15,113.8
2024-10-09,26011,1,Depot,00:04:01,89.6,90.0,0.0,0.0,0.04999999999999982,0.0,1.300000000000011
2024-10-09,26011,2,Depot,02:44:51,90.4,93.6,0.0,0.0,2.65,0.0,7.899999999999977
2024-10-09,26011,3,Depot,02:40:50,42.0,92.0,0.0,0.0,3.25,0.0,190.8
2024-10-09,26012,1,Depot,02:50:53,92.4,92.8,0.0,0.0,2.6,0.0,2.099999999999998
2024-10-09,26012,2,Depot,01:21:26,64.0,86.8,0.0,0.0,1.4,0.0,110.8
2024-10-09,26013,1,Depot,02:47:51,93.6,93.6,0.0,0.0,2.649999999999999,0.0,0.8999999999999915
2024-10-09,26013,2,Depot,00:09:03,93.6,93.6,0.0,0.0,0.1500000000000004,0.0,0.7000000000000028
2024-10-09,26013,3,Depot,03:10:59,62.0,93.6,0.05,0.0,3.05,0.0,149.1
2024-10-09,26014,1,Depot,02:59:55,93.6,93.6,0.0,0.0,4.65,0.0,1.600000000000009
2024-10-09,26014,2,Depot,01:12:44,64.4,92.0,0.05,0.0,2.1,0.0,23.7
2024-10-09,26014,3,Depot,02:37:49,56.0,93.6,0.0,0.0,4.05,0.0,135.3
2024-10-09,26017,1,Depot,02:51:52,93.6,93.6,0.0,0.0,2.65,0.0,1.099999999999994
2024-10-10,26003,1,Depot,00:27:09,69.6,78.0,0.0,0.0,1.3,1.05,8.200000000000001
2024-10-10,26003,2,Depot,03:04:57,25.2,93.2,0.05,0.0,3.9,0.0,267.2
2024-10-10,26005,1,Depot,00:28:09,66.4,78.4,0.0,0.0,0.5,0.0,55.9
2024-10-10,26005,2,Depot,01:52:35,79.2,92.4,0.05,0.0,1.9,0.0,60.4
2024-10-10,26005,3,Depot,02:23:45,68.8,93.6,0.0,0.0,2.35,0.0,114.0
2024-10-10,26006,1,Depot,01:36:30,39.6,57.6,0.1,0.0,1.65,0.0,79.1
2024-10-10,26008,1,Depot,05:34:43,90.8,93.6,0.05,0.0,5.55,0.0,8.400000000000006
2024-10-10,26008,2,Depot,02:12:42,70.0,92.0,0.0,0.0,2.25,0.0,106.5
2024-10-10,26009,1,Depot,01:40:31,41.2,86.4,0.05,0.0,2.6,0.0,188.8
2024-10-10,26010,1,Depot,05:21:37,66.4,93.6,0.2,0.0,5.3,0.0,113.8
2024-10-10,26010,2,Depot,01:46:33,39.6,81.6,0.05,0.0,1.9,0.0,185.9
2024-10-10,26011,1,Depot,03:40:07,35.2,93.6,0.0,0.0,5.05,1.55,214.5
2024-10-10,26012,1,Depot,01:33:29,58.0,90.0,0.0,0.0,1.75,0.75,154.0
2024-10-10,26013,1,Depot,03:40:06,75.6,93.6,0.05,0.0,3.6,0.0,83.8
2024-10-10,26014,1,Depot,01:16:24,56.8,89.2,0.0,0.0,2.0,0.0,123.7
2024-10-10,26014,2,Depot,01:08:21,77.6,92.4,0.0,0.0,1.85,0.0,57.2
2024-10-10,26017,1,Depot,01:21:25,64.8,89.2,0.0,0.0,1.95,3.0,118.5
2024-10-10,26017,2,Depot,01:58:37,50.0,88.8,0.0,0.0,2.35,0.7,184.9
2024-10-11,26003,1,Depot,05:42:45,93.2,93.6,0.0,0.0,5.7,0.0,4.5
2024-10-11,26003,2,Depot,02:00:37,46.4,92.4,0.0,0.0,2.35,0.0,172.1
2024-10-11,26005,1,Depot,02:25:49,69.2,92.4,0.0,0.0,2.7,0.0,109.4
2024-10-11,26005,2,Depot,00:13:04,89.2,91.2,0.0,0.0,0.3,0.0,2.0
2024-10-11,26005,3,Depot,02:02:37,54.8,92.4,0.0,0.0,2.6,0.0,171.1
2024-10-11,26006,1,Depot,05:47:48,58.0,92.8,0.45,0.0,5.7,0.0,158.8
2024-10-11,26006,2,Depot,02:03:38,50.8,85.2,0.05,0.0,2.6,4.0,162.8
2024-10-11,26008,1,Depot,04:14:19,72.0,93.6,0.0,0.0,4.1,0.0,110.0
2024-10-11,26009,1,Depot,02:28:46,44.4,90.0,0.25,0.0,4.2,0.0,213.9
2024-10-11,26009,2,Depot,01:41:32,70.0,93.2,0.15,0.0,2.4,0.4,113.2
2024-10-11,26010,1,Depot,04:52:29,82.8,93.6,0.2,0.0,4.85,0.0,34.59999999999999
2024-10-11,26010,2,Depot,00:54:17,93.6,94.0,0.04999999999999999,0.0,0.8499999999999996,0.0,1.0
2024-10-11,26010,3,Depot,01:07:21,71.6,90.4,0.05,0.0,1.95,2.85,92.4
2024-10-11,26011,1,Depot,02:48:52,93.6,93.6,0.05,0.0,2.85,0.0,1.900000000000006
2024-10-11,26011,2,Depot,02:54:53,93.6,93.6,0.0,0.0,3.0,0.0,1.699999999999989
2024-10-11,26011,3,Depot,01:49:33,25.6,58.0,0.0,0.0,2.0,0.0,117.2
2024-10-11,26012,1,Depot,01:54:35,63.2,92.0,0.0,0.0,2.2,0.0,138.9
2024-10-11,26013,1,Depot,01:31:28,63.2,92.8,0.0,0.0,1.55,0.0,142.8
2024-10-11,26013,2,Depot,00:18:05,92.8,93.6,0.0,0.0,0.25,0.0,3.0
2024-10-11,26013,3,Depot,01:04:20,84.4,92.4,0.0,0.0,1.6,4.05,39.9
2024-10-11,26014,1,Depot,00:22:28,77.6,82.8,0.0,0.0,0.75,0.0,5.0
2024-10-11,26014,2,Depot,04:39:26,41.6,93.6,0.0,0.0,8.05,0.0,195.1
2024-10-11,26017,1,Depot,04:05:15,89.2,93.2,0.0,0.0,3.9,0.0,5.399999999999977
2024-10-11,26017,2,Depot,01:39:30,93.2,92.8,0.0,0.0,1.6,0.0,0.09999999999999432
2024-10-11,26017,3,Depot,02:25:45,56.0,88.8,0.0,0.0,2.95,3.8,155.8
2024-10-12,26003,1,Depot,08:35:39,92.8,93.2,0.05,0.0,8.350000000000001,0.0,8.0
2024-10-12,26003,2,Depot,01:41:32,48.0,90.0,0.0,0.0,1.9,0.0,156.2
2024-10-12,26005,1,Depot,03:10:58,61.6,93.6,0.05,0.0,3.15,0.0,131.8
2024-10-12,26005,2,Depot,03:25:02,93.6,93.6,0.05,0.0,3.399999999999999,0.0,2.100000000000023
2024-10-12,26005,3,Depot,02:04:39,77.2,93.6,0.0,2.9,3.15,0.0,75.4
2024-10-12,26008,1,Depot,06:08:53,62.4,93.6,0.0,0.0,5.75,0.0,145.3
2024-10-12,26009,1,Depot,04:46:29,93.2,93.6,0.35,0.0,6.399999999999999,0.0,4.0
2024-10-12,26009,2,Depot,02:52:54,93.6,93.6,0.25,0.0,3.9,0.0,1.899999999999991
2024-10-12,26011,1,Depot,03:29:04,59.6,93.6,0.0,0.0,3.75,0.0,130.3
2024-10-12,26011,2,Depot,04:09:16,93.6,93.6,0.05,0.0,3.950000000000001,0.0,1.900000000000006
2024-10-12,26011,3,Depot,02:20:44,53.2,92.4,0.0,0.0,2.4,0.0,150.2
2024-10-12,26013,1,Depot,02:38:48,63.2,93.6,0.0,0.0,2.45,0.0,129.3
2024-10-12,26014,1,Depot,02:55:53,43.6,92.4,0.0,0.0,5.3,6.35,184.4
2024-10-13,26003,1,Depot,06:25:59,90.0,92.8,0.05,0.0,6.25,0.0,10.60000000000002
2024-10-13,26003,2,Depot,03:01:55,62.0,88.8,0.0,4.85,5.8,0.0,99.0
2024-10-13,26003,3,Depot,00:23:34,60.0,70.8,0.0,0.0,0.3,0.0,6.5
2024-10-13,26005,1,Depot,05:09:35,68.8,93.6,0.05,0.0,5.25,0.0,117.6
2024-10-13,26006,1,Depot,03:19:02,40.4,89.6,0.1,0.0,3.95,0.0,233.1
2024-10-13,26008,1,Depot,03:31:05,60.4,93.6,0.0,0.0,3.5,0.0,153.7
2024-10-13,26008,2,Depot,02:57:55,64.0,93.6,0.0,0.0,3.3,0.0,143.6
2024-10-13,26011,1,Depot,00:13:05,19.2,25.6,0.05,0.0,0.35,0.0,1.4
2024-10-13,26011,2,Depot,04:12:25,27.2,78.8,0.0,0.0,4.3,0.0,9.100000000000001
2024-10-13,26011,3,Depot,06:30:59,80.4,78.4,0.0,0.0,6.25,0.0,0.4
2024-10-13,26012,1,Depot,04:34:24,51.2,93.6,0.0,0.0,4.65,0.0,186.2
2024-10-13,26014,1,Depot,04:56:32,92.4,93.6,0.0,0.0,7.65,0.0,3.300000000000011
2024-10-13,26014,2,Depot,03:41:10,93.6,93.6,0.0,0.0,5.750000000000002,0.0,2.199999999999989
2024-10-13,26014,3,Depot,01:43:32,55.6,92.0,0.0,0.0,2.9,0.0,152.9
2024-10-13,26017,1,Depot,01:02:19,48.8,78.0,0.0,0.0,1.25,0.0,129.3
2024-10-13,26017,2,Depot,00:43:13,78.8,89.6,0.0,0.0,0.95,0.0,53.19999999999999
2024-10-14,26003,1,Depot,02:19:43,82.0,89.6,0.05,0.0,2.5,0.0,28.2
2024-10-14,26003,2,Depot,00:20:06,70.0,76.4,0.0,0.0,0.65,1.7,6.0
2024-10-14,26003,3,Depot,04:35:25,42.8,93.6,0.0,0.0,5.2,1.15,177.1
2024-10-14,26005,1,Depot,02:08:40,80.0,93.6,0.0,0.0,2.1,0.05,61.2
2024-10-14,26005,2,Depot,00:48:15,89.6,92.8,0.05,0.0,0.8,0.0,3.0
2024-10-14,26005,3,Depot,01:59:37,58.0,92.4,0.05,0.0,2.0,0.0,157.9
2024-10-14,26006,1,Depot,02:32:47,76.0,93.2,0.2,0.0,2.35,0.0,75.0
2024-10-14,26006,2,Depot,02:38:49,69.6,93.6,0.09999999999999999,0.0,2.8,0.0,116.9
2024-10-14,26006,3,Depot,00:51:16,93.6,94.0,0.05000000000000002,0.0,0.7999999999999998,0.0,0.5
2024-10-14,26008,1,Depot,02:56:54,93.6,93.6,0.0,0.0,2.8,0.0,2.700000000000017
2024-10-14,26008,2,Depot,01:54:36,58.4,93.6,0.05,0.0,2.05,0.0,168.3
2024-10-14,26009,1,Depot,02:08:42,80.0,93.6,0.2,0.0,3.4,0.0,620.3
2024-10-14,26009,2,Depot,01:37:30,29.2,78.4,0.15,0.0,3.0,10.2,172.5
2024-10-14,26010,1,Depot,04:06:15,55.6,93.6,0.15,0.0,3.9,0.0,141.9
2024-10-14,26011,1,Depot,00:19:06,75.6,75.6,0.0,0.0,0.45,0.0,0.1
2024-10-14,26011,2,Depot,00:47:15,75.2,74.8,0.0,0.0,0.95,0.0,0.1
2024-10-14,26011,3,Depot,03:03:56,53.2,93.6,0.0,0.0,3.3,0.0,154.3
2024-10-14,26012,1,Depot,01:25:26,60.0,90.4,0.0,0.0,1.35,0.0,145.9
2024-10-14,26013,1,Depot,03:28:04,52.0,93.6,0.05,0.0,3.7,0.0,197.5
2024-10-14,26014,1,Depot,01:43:31,92.0,93.6,0.0,0.0,2.65,0.0,6.200000000000017
2024-10-14,26014,2,Depot,03:38:07,93.6,93.6,0.0,0.0,5.55,0.0,3.099999999999994
2024-10-14,26014,3,Depot,01:16:24,60.0,88.8,0.0,0.0,2.05,0.0,111.2
2024-10-14,26017,1,Depot,05:25:40,90.0,91.2,0.0,0.0,5.05,0.0,10.20000000000002
2024-10-14,26017,2,Depot,03:26:03,66.8,94.0,0.0,0.0,3.6,0.0,112.7
2024-10-14,26017,3,Depot,01:27:27,86.8,93.6,0.0,0.0,1.45,0.0,27.6
2024-10-15,26003,1,Depot,02:23:44,93.6,93.6,0.05,0.0,2.3,0.0,2.099999999999994
2024-10-15,26003,2,Depot,02:55:54,93.6,94.0,0.0,0.0,2.85,0.0,1.199999999999989
2024-10-15,26003,3,Depot,01:00:18,54.0,76.4,0.0,0.0,1.1,0.0,105.4
2024-10-15,26003,4,Depot,02:12:40,59.6,91.2,0.0,0.0,3.4,9.0,145.6
2024-10-15,26005,1,Depot,03:25:02,92.8,93.6,0.05,0.0,3.25,0.0,6.900000000000006
2024-10-15,26005,2,Depot,02:03:38,93.6,93.6,0.04999999999999999,0.0,2.0,0.0,1.800000000000011
2024-10-15,26005,3,Depot,00:29:08,71.6,82.8,0.0,0.0,0.5,0.0,43.8
2024-10-15,26006,1,Depot,00:49:16,73.6,90.0,0.1,0.0,0.85,0.0,79.8
2024-10-15,26006,2,Depot,01:36:30,90.0,93.6,0.1,0.0,1.6,0.0,15.0
2024-10-15,26006,3,Depot,02:55:54,55.2,93.6,0.2,0.0,5.2,6.9,183.5
2024-10-15,26008,1,Depot,02:58:55,66.0,93.6,0.05,0.0,2.95,0.0,133.1
2024-10-15,26008,2,Depot,01:14:24,86.0,93.6,0.0,0.0,3.25,5.2,37.3
2024-10-15,26009,1,Depot,05:35:46,79.2,92.0,0.5,0.0,13.5,3.450000000000001,50.40000000000001
2024-10-15,26009,2,Depot,01:50:34,38.0,86.8,0.2,0.0,2.85,1.4,223.8
2024-10-15,26010,1,Depot,05:19:37,93.6,94.0,0.2,0.0,5.0,0.0,2.199999999999989
2024-10-15,26010,2,Depot,00:20:06,67.2,74.4,0.0,0.0,0.45,0.0,35.1
2024-10-15,26010,3,Depot,01:40:31,52.8,89.2,0.1,0.0,1.8,1.55,166.0
2024-10-15,26012,1,Depot,02:07:40,73.2,92.0,0.0,0.0,2.7,0.0,92.10000000000001
2024-10-15,26012,2,Depot,00:41:12,68.4,84.4,0.0,0.0,0.75,0.0,78.89999999999999
2024-10-15,26012,3,Depot,01:16:24,71.2,91.6,0.0,0.0,1.8,0.9,100.6
2024-10-15,26013,1,Depot,01:42:31,93.6,93.6,0.0,0.0,1.7,0.0,2.599999999999994
2024-10-15,26013,2,Depot,02:13:41,49.2,92.8,0.05,0.0,3.35,10.8,205.7
2024-10-15,26016,1,Depot,03:02:01,44.8,92.4,0.0,0.0,4.3,0.55,181.6
2024-10-15,26017,1,Depot,02:49:53,42.4,93.2,0.0,0.0,3.6,2.55,227.9
2024-10-16,26003,1,Depot,00:39:12,42.4,60.8,0.0,0.0,0.75,0.0,65.9
2024-10-16,26003,2,Depot,05:16:37,54.4,92.8,0.05,0.0,5.8,0.0,173.2
2024-10-16,26005,1,Depot,01:45:33,46.8,76.8,0.0,0.0,1.95,0.0,136.3
2024-10-16,26005,2,Depot,01:47:34,76.8,92.8,0.05,0.0,1.9,0.0,71.6
2024-10-16,26005,3,Depot,02:02:38,50.8,93.2,0.0,0.0,2.15,0.5,160.0
2024-10-16,26006,1,Depot,00:29:09,62.4,75.2,0.05,0.15,0.6,0.0,59.4
2024-10-16,26006,2,Depot,01:45:33,72.8,94.0,0.05,0.0,1.8,0.0,101.7
2024-10-16,26006,3,Depot,03:24:03,93.2,93.6,0.25,0.0,3.4,0.0,2.7
2024-10-16,26008,1,Depot,02:02:38,70.4,94.0,0.05,0.0,2.7,0.0,113.9
2024-10-16,26008,2,Depot,01:21:25,69.6,93.2,0.0,0.0,1.35,0.0,114.7
2024-10-16,26008,3,Depot,03:47:13,77.2,94.0,0.0,0.0,4.1,2.85,80.7
2024-10-16,26009,1,Depot,05:21:38,87.6,93.6,0.4999999999999999,0.0,7.6,0.0,33.10000000000002
2024-10-16,26009,2,Depot,01:39:32,58.0,91.6,0.2,0.0,2.35,0.0,151.6
2024-10-16,26010,1,Depot,02:00:36,89.6,93.6,0.04999999999999999,0.0,1.9,0.0,6.899999999999977
2024-10-16,26010,2,Depot,03:16:00,93.6,94.0,0.15,0.0,3.15,0.0,1.900000000000006
2024-10-16,26010,3,Depot,01:42:31,65.2,92.4,0.05,0.9,2.4,0.75,132.1
2024-10-16,26010,4,Depot,00:27:08,64.4,74.8,0.05,0.0,0.45,0.0,47.9
2024-10-16,26010,5,Depot,01:16:23,75.6,92.4,0.05,0.0,1.25,0.0,82.1
2024-10-16,26011,1,Depot,01:38:33,87.6,93.6,0.0,0.0,1.55,0.0,3.399999999999977
2024-10-16,26011,2,Depot,02:49:58,93.6,93.6,0.05,0.0,2.65,0.0,2.099999999999994
2024-10-16,26011,3,Depot,00:54:19,93.6,93.6,0.0,0.0,0.8499999999999996,0.0,0.9000000000000057
2024-10-16,26011,4,Depot,00:21:30,56.8,66.4,0.0,0.0,0.35,0.0,1.9
2024-10-16,26011,5,Depot,00:28:10,53.2,67.2,0.0,0.0,0.5,0.0,51.5
2024-10-16,26011,6,Depot,04:52:40,48.0,93.6,0.0,0.0,5.15,0.0,169.9
2024-10-16,26012,1,Depot,01:26:27,63.6,92.4,0.0,0.0,1.45,0.0,138.3
2024-10-16,26012,2,Depot,03:27:03,79.2,93.6,0.0,0.0,3.6,0.0,75.9
2024-10-16,26013,1,Depot,01:41:31,61.6,92.8,0.0,0.0,1.75,0.0,150.8
2024-10-16,26013,2,Depot,00:52:16,89.6,93.6,0.0,0.0,0.85,0.0,20.5
2024-10-16,26016,1,Depot,02:03:38,58.0,92.0,0.0,0.0,2.1,0.0,130.6
2024-10-16,26017,1,Depot,01:10:21,93.2,93.6,0.05,0.0,1.1,0.0,3.300000000000011
2024-10-16,26017,2,Depot,04:11:16,93.6,94.0,0.0,0.0,4.050000000000001,0.0,3.600000000000023
2024-10-16,26017,3,Depot,01:49:33,67.2,92.8,0.0,0.0,1.85,0.0,117.0
2024-10-16,26017,4,Depot,00:16:05,67.2,74.0,0.0,0.0,0.45,1.35,31.3
2024-10-16,26017,5,Depot,02:00:38,74.0,93.6,0.05,0.0,2.0,0.0,88.3
2024-10-17,26003,1,Depot,05:19:36,92.8,93.2,0.0,0.0,5.4,0.0,1.099999999999994
2024-10-17,26003,2,Depot,00:18:06,52.4,61.6,0.0,0.0,0.35,0.0,33.0
2024-10-17,26003,3,Depot,00:35:11,52.8,70.4,0.0,0.0,0.6,0.0,63.9
2024-10-17,26003,4,Depot,01:10:21,48.8,85.6,0.0,0.0,2.25,6.25,114.9
2024-10-17,26005,1,Depot,05:23:39,93.2,93.6,0.1,0.0,5.300000000000001,0.0,7.400000000000006
2024-10-17,26005,2,Depot,00:46:15,62.4,71.2,0.05,0.0,0.85,0.0,39.4
2024-10-17,26005,3,Depot,04:19:20,56.4,93.6,0.05,0.0,4.65,0.0,179.8
2024-10-17,26006,1,Depot,05:20:39,93.6,93.6,0.4,0.0,5.249999999999999,0.0,2.3
2024-10-17,26008,1,Depot,05:19:37,93.6,93.6,0.05,0.0,5.25,0.0,3.700000000000003
2024-10-17,26008,2,Depot,01:26:26,67.6,92.8,0.0,0.0,1.5,0.0,120.2
2024-10-17,26008,3,Depot,03:56:11,82.0,93.6,0.05,0.0,4.65,3.15,61.7
2024-10-17,26009,1,Depot,05:25:39,91.6,93.6,0.4999999999999999,0.0,7.4,0.0,8.300000000000011
2024-10-17,26009,2,Depot,02:07:40,53.2,93.6,0.2,0.0,3.0,0.0,188.1
2024-10-17,26010,1,Depot,05:17:37,92.4,93.6,0.25,0.0,5.100000000000001,0.0,4.300000000000011
2024-10-17,26010,2,Depot,01:43:32,38.8,84.4,0.1,0.0,1.9,0.0,209.8
2024-10-17,26011,1,Depot,05:22:47,93.6,93.6,0.05,0.0,5.199999999999999,0.0,2.199999999999989
2024-10-17,26011,2,Depot,01:37:29,38.4,71.2,0.0,0.0,1.7,0.0,120.6
2024-10-17,26012,1,Depot,05:22:38,93.6,93.6,0.05,0.0,5.4,0.0,2.5
2024-10-17,26012,2,Depot,04:30:22,73.2,93.6,0.0,0.0,4.25,0.0,96.0
2024-10-17,26013,1,Depot,02:05:39,62.4,90.0,0.0,0.0,2.1,0.0,135.7
2024-10-17,26013,2,Depot,04:33:23,53.2,94.0,0.05,0.0,5.65,3.15,184.1
2024-10-17,26016,1,Depot,00:04:02,93.6,93.6,0.0,0.0,0.04999999999999982,0.0,0.09999999999999432
2024-10-17,26016,2,Depot,00:24:07,93.6,93.6,0.0,0.0,0.4000000000000004,0.0,0.2999999999999972
2024-10-17,26016,3,Depot,00:04:01,93.6,93.6,0.0,0.0,0.05000000000000071,0.0,0.0
2024-10-17,26017,1,Depot,05:22:38,93.6,94.0,0.0,0.0,5.350000000000001,0.0,3.899999999999991
2024-10-17,26017,2,Depot,02:15:41,30.0,81.2,0.0,0.0,2.55,0.0,231.1
2024-10-18,26003,1,Depot,01:45:31,60.0,88.0,0.0,0.0,1.9,0.0,120.3
2024-10-18,26003,2,Depot,00:36:11,48.8,63.2,0.0,0.0,0.65,0.0,52.4
2024-10-18,26003,3,Depot,03:31:05,42.8,89.2,0.0,0.0,4.850000000000001,7.75,211.7
2024-10-18,26005,1,Depot,05:20:39,93.2,93.6,0.09999999999999999,0.0,5.600000000000001,0.0,3.900000000000006
2024-10-18,26005,2,Depot,00:44:14,66.8,84.8,0.05,1.25,1.15,0.0,85.1
2024-10-18,26005,3,Depot,01:37:30,64.8,92.0,0.0,0.0,1.95,2.65,130.3
2024-10-18,26008,1,Depot,05:21:38,93.6,93.6,0.05,0.0,5.300000000000001,0.0,3.100000000000009
2024-10-18,26008,2,Depot,03:38:07,72.0,93.6,0.0,0.0,3.5,0.0,110.3
2024-10-18,26008,3,Depot,01:02:20,91.6,93.6,0.05,0.0,2.1,0.05,11.6
2024-10-18,26009,1,Depot,05:26:40,93.6,93.6,0.55,0.0,7.4,0.0,5.900000000000006
2024-10-18,26009,2,Depot,00:27:08,78.0,87.2,0.05,0.0,0.6499999999999999,0.0,35.9
2024-10-18,26009,3,Depot,01:11:23,70.0,91.6,0.1,0.0,1.7,1.45,104.7
2024-10-18,26010,1,Depot,05:25:39,85.2,93.6,0.3,0.0,5.35,0.0,23.5
2024-10-18,26010,2,Depot,02:35:48,52.8,90.0,0.1,0.0,5.75,12.65,174.5
2024-10-18,26011,1,Depot,01:38:30,33.2,78.8,0.05,0.0,2.1,0.0,173.0
2024-10-18,26011,2,Depot,03:08:57,38.4,93.6,0.0,0.0,3.8,0.0,187.0
2024-10-18,26012,1,Depot,03:44:08,93.6,93.6,0.05,0.0,3.55,0.0,2.100000000000009
2024-10-18,26012,2,Depot,00:49:15,78.4,91.2,0.0,0.0,1.35,0.0,62.3
2024-10-18,26012,3,Depot,02:52:53,76.0,93.6,0.0,0.0,3.15,0.0,88.7
2024-10-18,26013,1,Depot,00:25:08,94.0,93.6,0.0,0.0,0.4000000000000004,0.0,0.3999999999999773
2024-10-18,26013,2,Depot,01:53:35,64.8,92.8,0.0,0.0,2.05,0.0,135.0
2024-10-18,26013,3,Depot,00:52:17,77.6,91.6,0.0,0.0,0.85,0.0,69.80000000000001
2024-10-18,26016,1,Depot,00:31:10,56.4,70.8,0.0,0.0,0.55,0.0,52.6
2024-10-18,26016,2,Depot,00:08:03,71.6,74.8,0.0,0.0,0.15,0.0,12.89999999999999
2024-10-18,26016,3,Depot,01:11:22,75.6,92.8,0.0,0.0,1.2,0.0,66.8
2024-10-18,26016,4,Depot,01:31:28,62.0,93.2,0.0,0.0,1.55,0.0,118.3
2024-10-18,26016,5,Depot,01:52:21,66.0,94.0,0.0,0.0,2.15,2.45,106.8
2024-10-18,26017,1,Depot,05:26:40,82.4,93.6,0.0,0.0,5.300000000000001,0.0,52.80000000000001
2024-10-18,26017,2,Depot,02:39:49,50.4,91.2,0.0,0.0,5.9,9.1,192.0
2024-10-19,26003,1,Depot,07:33:19,89.6,93.6,0.05,0.0,7.3,0.0,3.900000000000006
2024-10-19,26003,2,Depot,01:43:32,53.6,90.4,0.05,0.0,2.05,0.0,173.1
2024-10-19,26005,1,Depot,10:18:08,92.4,93.6,0.15,0.0,10.65,0.0,16.19999999999999
2024-10-19,26008,1,Depot,01:27:27,76.0,92.0,0.0,0.0,1.8,0.0,79.1
2024-10-19,26010,1,Depot,03:03:57,52.0,93.6,0.05,0.0,3.4,0.0,184.5
2024-10-19,26011,1,Depot,03:52:14,58.8,78.8,0.0,0.0,4.0,0.0,3.7
2024-10-19,26011,2,Depot,06:50:50,78.8,79.2,0.0,0.0,6.899999999999999,0.0,0.09999999999999964
2024-10-19,26011,3,Depot,01:22:28,79.2,78.8,0.0,0.0,1.4,0.0,0.1
2024-10-19,26011,4,Depot,00:14:05,77.6,78.0,0.0,0.0,0.25,0.0,0.1
2024-10-19,26011,5,Depot,02:38:49,43.6,87.6,0.0,0.0,4.15,3.35,174.8
2024-10-19,26013,1,Depot,04:28:21,92.0,93.6,0.05,0.0,4.35,0.0,8.700000000000003
2024-10-19,26014,1,Depot,02:36:51,42.8,90.0,0.0,0.0,4.45,0.0,174.6
2024-10-19,26016,1,Depot,14:08:15,94.0,93.6,0.1,0.0,14.15,0.0,10.2
2024-10-19,26017,1,Depot,01:46:33,52.4,91.6,0.0,0.0,2.0,0.0,184.2
2024-10-20,26003,1,Depot,08:19:33,90.4,93.2,0.05,0.0,8.1,0.0,12.0
2024-10-20,26003,2,Depot,00:24:08,91.6,92.4,0.0,0.0,0.45,0.0,5.7
2024-10-20,26003,3,Depot,01:48:33,92.4,93.6,0.0,0.0,1.8,0.0,3.5
2024-10-20,26003,4,Depot,02:38:48,93.6,93.6,0.0,0.0,2.5,0.0,1.3
2024-10-20,26005,1,Depot,01:11:22,73.2,91.6,0.0,0.0,1.15,0.0,89.0
2024-10-20,26005,2,Depot,00:54:17,91.6,93.2,0.0,0.0,1.0,0.0,8.699999999999989
2024-10-20,26005,3,Depot,02:22:44,88.8,93.2,0.0,0.0,2.3,0.0,22.4
2024-10-20,26008,1,Depot,05:00:32,69.2,93.6,0.05,0.0,5.15,0.0,119.4
2024-10-20,26008,2,Depot,01:42:32,76.0,93.2,0.0,0.0,1.6,0.0,83.8
2024-10-20,26009,1,Depot,04:14:18,68.8,93.6,0.4,0.0,6.25,0.35,125.5
2024-10-20,26009,2,Depot,00:49:16,93.6,93.6,0.04999999999999999,0.0,1.15,0.0,0.5999999999999943
2024-10-20,26009,3,Depot,03:30:04,93.6,93.6,0.25,0.0,4.850000000000001,0.0,3.2
2024-10-20,26010,1,Depot,01:37:29,93.6,93.6,0.05,0.0,2.0,0.0,2.2
2024-10-20,26010,2,Depot,03:01:55,93.6,94.0,0.1,0.0,2.850000000000001,0.0,1.8
2024-10-20,26012,1,Depot,06:01:50,74.8,93.6,0.0,0.0,7.5,0.0,92.30000000000001
2024-10-20,26013,1,Depot,03:23:03,90.8,93.6,0.05,0.0,3.65,0.0,13.4
2024-10-20,26014,1,Depot,00:24:08,67.6,78.8,0.0,0.0,0.65,0.0,41.7
2024-10-20,26014,2,Depot,04:22:20,79.6,93.6,0.0,0.0,6.649999999999999,0.0,55.5
2024-10-20,26016,1,Depot,04:34:24,91.6,93.6,0.0,0.0,4.25,0.0,8.0
2024-10-20,26017,1,Depot,08:20:32,91.6,93.6,0.0,0.0,8.350000000000001,0.0,13.19999999999999
2024-10-20,26017,2,Depot,03:24:03,93.6,93.6,0.0,0.0,3.5,0.0,2.4
2024-10-21,26003,1,Depot,01:47:33,78.0,93.6,0.0,0.0,1.9,0.0,77.0
2024-10-21,26003,2,Depot,00:22:06,61.6,72.8,0.05,0.0,0.4,0.0,40.3
2024-10-21,26003,3,Depot,01:46:33,44.8,89.6,0.0,0.0,2.35,0.0,165.9
2024-10-21,26005,1,Depot,01:50:34,57.2,91.6,0.0,0.0,2.15,0.0,163.5
2024-10-21,26006,1,Depot,00:45:14,65.2,85.2,0.0,0.0,0.95,0.0,94.8
2024-10-21,26006,2,Depot,03:04:57,67.6,93.6,0.15,0.0,2.95,0.0,118.2
2024-10-21,26008,1,Depot,04:19:19,93.2,93.6,0.05,0.0,4.0,0.0,2.5
2024-10-21,26008,2,Depot,04:12:17,66.8,93.6,0.0,0.0,4.15,0.0,130.6
2024-10-21,26009,1,Depot,02:26:45,49.2,93.6,0.15,0.0,4.0,0.0,166.5
2024-10-21,26010,1,Depot,03:25:02,57.6,93.6,0.05,0.1,3.3,0.0,159.7
2024-10-21,26011,1,Depot,05:23:57,70.8,76.8,0.0,0.0,5.3,0.0,0.3
2024-10-21,26011,2,Depot,00:51:17,75.6,75.2,0.05,0.0,0.95,0.0,0.0
2024-10-21,26011,3,Depot,00:36:12,38.0,58.4,0.0,0.0,0.65,0.0,72.7
2024-10-21,26012,1,Depot,02:14:41,54.8,94.0,0.0,0.0,2.85,0.0,183.8
2024-10-21,26013,1,Depot,00:41:13,49.6,68.8,0.0,0.0,0.75,0.0,87.2
2024-10-21,26013,2,Depot,00:59:19,69.6,91.2,0.0,0.0,1.4,0.0,102.7
2024-10-21,26014,1,Depot,02:58:55,43.2,93.6,0.0,0.0,4.8,0.0,175.4
2024-10-21,26016,1,Depot,01:59:37,60.0,93.2,0.0,0.0,2.65,0.0,129.4
2024-10-21,26016,2,Depot,01:57:35,93.6,93.2,0.0,0.0,1.9,0.0,3.400000000000006
2024-10-21,26017,1,Depot,02:07:39,74.4,93.2,0.0,0.0,2.1,0.0,92.3
2024-10-21,26017,2,Depot,01:57:36,51.2,88.8,0.0,0.0,2.55,0.0,174.9
2024-10-21,26017,3,Depot,01:15:23,89.2,94.0,0.0,0.0,1.2,0.0,22.80000000000001
2024-10-22,26003,1,Depot,00:27:08,90.4,93.2,0.0,0.0,0.4500000000000002,0.0,11.30000000000001
2024-10-22,26003,2,Depot,05:14:35,93.2,93.2,0.0,0.0,5.199999999999999,0.0,8.0
2024-10-22,26003,3,Depot,02:26:45,39.2,90.8,0.0,0.05,3.55,0.0,237.5
2024-10-22,26005,1,Depot,05:45:45,91.6,92.8,0.05,0.0,5.6,0.0,6.0
2024-10-22,26005,2,Depot,01:54:35,73.6,91.6,0.0,0.0,2.0,0.0,85.8
2024-10-22,26005,3,Depot,03:53:12,81.2,92.0,0.0,0.5,4.4,0.0,51.4
2024-10-22,26006,1,Depot,05:44:46,93.6,93.6,0.35,0.0,5.300000000000001,0.0,2.0
2024-10-22,26006,2,Depot,03:23:02,62.0,93.6,0.1,0.0,3.45,0.0,152.7
2024-10-22,26008,1,Depot,01:44:33,75.6,92.8,0.0,0.0,1.7,0.0,85.1
2024-10-22,26008,2,Depot,01:01:19,60.8,86.4,0.0,0.0,1.05,0.0,124.1
2024-10-22,26009,1,Depot,03:21:01,62.8,93.6,0.05,0.0,5.05,0.0,119.2
2024-10-22,26010,1,Depot,05:27:40,93.6,93.6,0.09999999999999999,0.0,5.050000000000001,0.0,1.899999999999977
2024-10-22,26010,2,Depot,03:03:56,57.6,93.6,0.05,0.05,3.35,0.0,171.6
2024-10-22,26012,1,Depot,01:35:30,61.6,92.0,0.0,0.0,1.9,0.0,144.0
2024-10-22,26012,2,Depot,00:08:02,92.0,92.4,0.0,0.0,0.1500000000000001,0.0,2.299999999999983
2024-10-22,26013,1,Depot,05:39:44,91.6,93.6,0.05,0.0,5.35,0.0,17.5
2024-10-22,26013,2,Depot,02:40:49,54.8,93.6,0.0,0.0,3.15,0.0,185.1
2024-10-22,26014,1,Depot,03:55:11,52.4,94.0,0.0,0.05,6.35,0.0,147.5
2024-10-22,26016,1,Depot,02:15:41,74.0,93.2,0.05,0.0,2.65,0.0,75.1
2024-10-22,26016,2,Depot,00:05:48,90.4,90.8,0.0,0.0,0.09999999999999998,0.0,1.300000000000001
2024-10-22,26017,1,Depot,01:45:33,51.6,74.8,0.0,0.0,2.3,0.0,106.4
2024-10-23,26003,1,Depot,01:48:33,26.0,77.2,0.0,0.0,2.4,0.0,183.7
2024-10-23,26005,1,Depot,02:13:41,58.0,90.4,0.0,0.0,2.45,0.0,153.4
2024-10-23,26006,1,Depot,02:06:40,66.8,91.2,0.05,0.0,2.4,0.0,118.8
2024-10-23,26008,1,Depot,02:05:39,69.2,92.4,0.0,0.0,2.1,0.0,113.7
2024-10-23,26008,2,Depot,02:02:37,56.4,94.0,0.0,0.0,2.1,0.0,176.9
2024-10-23,26009,1,Depot,02:10:42,60.4,92.0,0.2,0.0,2.95,0.0,122.4
2024-10-23,26009,2,Depot,00:08:03,74.8,78.0,0.0,0.0,0.2,0.0,8.7
2024-10-23,26009,3,Depot,03:01:56,81.2,94.0,0.05,0.0,4.3,0.0,34.7
2024-10-23,26009,4,Depot,00:04:01,76.8,78.4,0.0,0.0,0.1,0.0,3.0
2024-10-23,26009,5,Depot,01:09:22,78.4,93.2,0.05,0.0,1.7,0.0,27.4
2024-10-23,26010,1,Depot,03:18:00,60.4,94.0,0.1,0.0,3.5,0.0,158.9
2024-10-23,26011,1,Depot,02:41:55,90.0,93.6,0.0,0.0,2.5,0.0,9.599999999999994
2024-10-23,26011,2,Depot,02:39:56,93.6,93.6,0.05,0.0,2.45,0.0,0.8000000000000114
2024-10-23,26011,3,Depot,01:43:36,30.4,51.6,0.0,0.0,1.75,0.0,83.8
2024-10-23,26012,1,Depot,05:22:38,92.8,93.6,0.0,0.0,4.9,0.0,5.200000000000017
2024-10-23,26012,2,Depot,03:01:56,56.4,93.6,0.0,0.0,3.0,0.0,180.0
2024-10-23,26013,1,Depot,03:10:59,60.0,93.6,0.05,0.0,3.4,0.0,161.8
2024-10-23,26014,1,Depot,01:42:31,50.8,81.6,0.0,0.0,2.85,0.0,114.0
2024-10-23,26016,1,Depot,00:19:05,56.4,66.8,0.0,0.0,0.5,0.0,38.5
2024-10-23,26016,2,Depot,00:09:15,70.0,81.6,0.0,0.0,0.2,0.0,16.6
2024-10-23,26016,3,Depot,00:05:01,81.6,83.2,0.0,0.0,0.15,0.0,7.100000000000001
2024-10-23,26016,4,Depot,00:05:01,86.8,87.2,0.0,0.0,0.09999999999999987,0.0,1.399999999999991
2024-10-23,26016,5,Depot,00:09:31,86.4,87.6,0.0,0.0,0.2,0.0,5.1
2024-10-23,26016,6,Depot,00:05:02,88.0,88.4,0.0,0.0,0.09999999999999998,0.0,1.099999999999998
2024-10-23,26016,7,Depot,00:07:02,88.4,88.8,0.0,0.0,0.15,0.0,1.099999999999998
2024-10-23,26016,8,Depot,00:22:07,88.8,89.2,0.0,0.0,0.8,0.0,1.699999999999999
2024-10-23,26017,1,Depot,01:25:25,75.6,91.2,0.0,0.0,1.4,0.0,75.8
2024-10-23,26017,2,Depot,03:57:12,91.2,93.6,0.0,0.0,3.75,0.0,4.0
2024-10-23,26017,3,Depot,02:20:43,70.4,93.6,0.0,0.0,2.5,0.0,105.5
2024-10-24,26003,1,Depot,05:07:34,78.4,93.2,0.05,0.0,5.15,0.0,63.09999999999999
2024-10-24,26003,2,Depot,00:15:04,92.8,93.2,0.0,0.0,0.25,0.0,0.09999999999999432
2024-10-24,26003,3,Depot,02:45:50,52.8,94.0,0.05,0.0,3.2,0.0,193.1
2024-10-24,26005,1,Depot,02:08:40,50.0,90.0,0.0,0.0,2.65,0.0,185.3
2024-10-24,26006,1,Depot,02:04:38,78.8,93.6,0.1,0.0,2.9,0.0,68.60000000000001
2024-10-24,26006,2,Depot,01:40:32,51.6,76.4,0.1,0.0,2.45,0.0,114.4
2024-10-24,26008,1,Depot,05:28:40,94.0,93.6,0.05,0.0,5.0,0.0,10.09999999999999
2024-10-24,26008,2,Depot,02:08:39,62.8,90.8,0.0,0.0,2.8,2.3,135.3
2024-10-24,26009,1,Depot,02:32:50,64.8,93.6,0.15,0.0,3.5,0.0,124.2
2024-10-24,26010,1,Depot,02:24:45,55.6,92.4,0.05,0.0,2.5,0.0,139.7
2024-10-24,26011,1,Depot,05:24:42,51.2,93.6,0.05,0.0,5.5,0.0,161.6
2024-10-24,26011,2,Depot,02:35:52,45.2,88.4,0.0,0.0,2.6,0.0,169.4
2024-10-24,26012,1,Depot,01:48:34,67.2,92.4,0.0,0.0,1.8,0.0,122.0
2024-10-24,26013,1,Depot,02:08:40,58.0,93.6,0.05,0.0,2.4,0.0,169.6
2024-10-24,26014,1,Depot,05:28:40,82.8,94.0,0.0,0.0,8.350000000000001,0.0,39.39999999999999
2024-10-24,26014,2,Depot,02:50:52,50.0,93.6,0.0,0.0,4.7,0.0,149.9
2024-10-24,26016,1,Depot,02:28:46,69.6,93.6,0.0,0.0,2.4,0.0,82.39999999999999
2024-10-24,26016,2,Depot,01:51:35,45.2,92.4,0.0,0.0,2.55,0.0,175.6
2024-10-25,26003,1,Depot,02:17:42,94.0,93.6,0.0,0.0,2.25,0.0,3.799999999999983
2024-10-25,26003,2,Depot,03:03:56,93.6,93.6,0.0,0.0,3.05,0.0,3.900000000000006
2024-10-25,26003,3,Depot,01:44:33,38.0,84.4,0.0,0.0,2.15,0.0,210.9
2024-10-25,26005,1,Depot,05:26:40,90.4,90.8,0.1,0.0,5.550000000000001,0.0,6.699999999999989
2024-10-25,26005,2,Depot,01:50:34,56.0,88.0,0.0,0.0,1.9,0.0,150.4
2024-10-25,26006,1,Depot,03:12:59,77.6,93.6,0.2,0.0,4.600000000000001,0.0,75.9
2024-10-25,26006,2,Depot,02:11:41,93.6,93.6,0.15,0.0,2.100000000000001,0.0,0.6999999999999886
2024-10-25,26006,3,Depot,01:21:25,65.6,92.0,0.05,0.2,1.45,0.0,128.3
2024-10-25,26006,4,Depot,03:09:59,92.0,93.6,0.09999999999999999,0.0,3.1,0.0,8.099999999999994
2024-10-25,26008,1,Depot,01:39:31,62.8,89.2,0.0,0.0,1.65,0.0,127.6
2024-10-25,26008,2,Depot,01:20:25,89.2,93.6,0.0,0.0,1.55,0.0,4.599999999999994
2024-10-25,26009,1,Depot,00:10:03,54.8,56.8,0.0,0.0,0.25,0.3,7.999999999999999
2024-10-25,26009,2,Depot,02:03:38,51.2,91.2,0.15,0.0,2.8,0.0,147.4
2024-10-25,26010,1,Depot,02:01:38,46.4,88.8,0.05,0.0,4.55,6.3,199.7
2024-10-25,26011,1,Depot,05:04:39,88.4,93.6,0.05,0.0,4.7,0.0,3.699999999999989
2024-10-25,26011,2,Depot,00:18:05,93.6,93.6,0.0,0.0,0.2999999999999998,0.0,0.1999999999999886
2024-10-25,26012,1,Depot,01:54:35,60.0,93.6,0.0,0.0,1.95,0.3,160.6
2024-10-25,26013,1,Depot,03:34:05,48.4,93.6,0.05,0.0,4.3,0.0,209.7
2024-10-25,26014,1,Depot,07:22:18,53.2,93.6,0.0,0.0,11.7,0.0,176.3
2024-10-25,26016,1,Depot,00:11:04,42.8,49.2,0.15,0.0,0.3,0.0,21.9
2024-10-25,26016,2,Depot,02:05:39,31.2,86.8,0.0,0.0,2.7,0.0,207.6
2024-10-26,26003,1,Depot,03:08:57,85.6,93.6,0.05,0.0,3.1,0.0,34.30000000000001
2024-10-26,26003,2,Depot,05:29:40,93.6,93.2,0.0,0.0,5.35,0.0,5.599999999999994
2024-10-26,26003,3,Depot,01:46:33,41.2,90.0,0.0,0.0,2.15,0.0,181.2
2024-10-26,26005,1,Depot,08:45:40,88.4,93.6,0.1,0.0,8.600000000000001,0.0,7.599999999999994
2024-10-26,26005,2,Depot,01:17:23,78.0,92.4,0.0,1.2,1.8,0.0,68.10000000000001
2024-10-26,26006,1,Depot,02:46:52,70.8,93.6,0.15,0.0,4.4,2.15,110.2
2024-10-26,26006,2,Depot,04:35:24,92.4,93.6,0.15,0.0,7.25,2.4,6.9
2024-10-26,26006,3,Depot,01:39:31,93.6,93.6,0.05000000000000002,0.0,2.600000000000001,0.05000000000000027,1.399999999999999
2024-10-26,26009,1,Depot,06:28:59,91.6,93.6,0.5499999999999999,0.0,8.549999999999999,0.0,4.5
2024-10-26,26009,2,Depot,02:14:41,93.6,93.6,0.2000000000000001,0.0,3.0,0.0,2.099999999999994
2024-10-26,26010,1,Depot,02:20:43,47.2,90.0,0.05,0.0,2.75,0.0,186.5
2024-10-26,26014,1,Depot,02:40:49,52.0,93.2,0.0,0.0,4.5,0.0,158.6
2024-10-26,26016,1,Depot,01:45:33,28.8,82.8,0.0,0.0,2.7,0.0,198.7
2024-10-27,26003,1,Depot,09:02:46,90.8,93.6,0.1,0.0,9.3,0.0,20.30000000000001
2024-10-27,26005,1,Depot,04:55:30,61.6,93.6,0.05,0.0,5.1,0.0,148.6
2024-10-27,26005,2,Depot,01:17:24,63.2,86.4,0.0,0.0,2.65,0.0,110.8
2024-10-27,26006,1,Depot,05:16:37,71.2,93.6,0.35,0.0,5.3,0.0,108.3
2024-10-27,26006,2,Depot,01:30:29,73.2,92.4,0.1,0.0,2.35,1.9,93.2
2024-10-27,26008,1,Depot,01:08:21,68.8,87.6,0.0,0.0,1.7,0.0,91.9
2024-10-27,26009,1,Depot,03:22:03,54.4,93.6,0.25,0.0,4.7,0.0,136.3
2024-10-27,26009,2,Depot,02:22:44,93.6,93.6,0.2,0.0,3.15,0.0,2.0
2024-10-27,26009,3,Depot,01:05:20,93.6,93.6,0.05000000000000004,0.0,1.5,0.0,0.6999999999999886
2024-10-27,26012,1,Depot,02:46:52,48.4,90.8,0.0,0.0,3.85,0.0,201.6
2024-10-27,26012,2,Depot,02:42:50,90.8,93.6,0.0,0.0,3.35,0.0,2.199999999999989
2024-10-27,26016,1,Depot,03:06:57,84.0,93.6,0.05,0.0,3.5,0.0,39.60000000000002
2024-10-27,26016,2,Depot,00:40:13,93.6,93.6,0.0,0.0,0.6500000000000004,0.0,0.6999999999999886
2024-10-27,26016,3,Depot,07:14:59,58.0,93.6,0.05,0.0,7.350000000000001,0.0,139.7
2024-10-28,26003,1,Depot,01:49:34,41.6,83.6,0.0,0.0,2.05,0.0,191.4
2024-10-28,26005,1,Depot,05:55:49,86.8,92.0,0.1,0.0,6.4,0.0,9.699999999999989
2024-10-28,26005,2,Depot,02:36:48,56.0,89.6,0.0,0.0,2.8,0.0,153.2
2024-10-28,26006,1,Depot,05:52:48,92.4,93.6,0.5,0.0,9.2,0.2000000000000002,2.600000000000009
2024-10-28,26006,2,Depot,02:37:49,51.2,89.6,0.2,0.0,3.9,0.0,184.1
2024-10-28,26008,1,Depot,02:33:47,88.0,93.6,0.05,0.0,2.9,0.0,18.40000000000001
2024-10-28,26008,2,Depot,03:16:00,93.6,93.6,0.0,0.0,3.25,0.0,1.0
2024-10-28,26008,3,Depot,02:35:48,46.4,89.6,0.0,0.0,2.8,0.0,203.8
2024-10-28,26009,1,Depot,00:18:06,64.8,72.4,0.05,0.1,0.6,0.0,35.0
2024-10-28,26009,2,Depot,01:39:32,45.2,89.6,0.15,0.0,2.35,0.0,164.9
2024-10-28,26010,1,Depot,04:14:17,59.6,93.6,0.15,0.0,4.1,0.0,167.1
2024-10-28,26010,2,Depot,00:39:12,88.8,93.2,0.0,0.0,1.4,3.75,19.9
2024-10-28,26012,1,Depot,02:31:45,47.2,89.2,0.0,0.0,2.75,0.0,200.3
2024-10-28,26013,1,Depot,06:41:03,48.4,93.2,0.05,0.0,8.4,0.0,218.7
2024-10-28,26014,1,Depot,02:13:41,39.6,90.4,0.0,0.0,3.85,1.1,191.6
2024-10-28,26014,2,Depot,01:05:21,64.0,88.8,0.0,0.0,1.7,0.0,95.9
2024-10-28,26016,1,Depot,01:30:28,24.4,73.2,0.0,0.0,2.2,0.0,180.6
2024-10-28,26016,2,Depot,00:29:15,74.8,82.8,0.0,0.0,0.7000000000000002,0.0,29.59999999999999
2024-10-28,26016,3,Depot,00:19:06,83.6,85.2,0.0,0.0,0.4500000000000002,0.0,3.899999999999977
2024-10-28,26016,4,Depot,00:56:58,85.2,93.6,0.0,0.0,1.05,0.0,3.300000000000011
2024-10-29,26003,1,Depot,05:27:40,84.8,92.4,0.05,0.0,5.5,0.0,43.40000000000001
2024-10-29,26003,2,Depot,01:46:34,35.6,83.6,0.0,0.05,2.45,0.0,219.0
2024-10-29,26005,1,Depot,05:28:40,91.6,92.4,0.09999999999999999,0.0,5.6,0.0,2.899999999999977
2024-10-29,26005,2,Depot,02:59:55,56.8,93.2,0.05,0.1,4.05,0.65,158.9
2024-10-29,26006,1,Depot,05:28:40,89.6,94.0,0.4,0.0,7.75,0.0,2.699999999999989
2024-10-29,26006,2,Depot,01:46:33,49.6,89.6,0.1,0.15,3.0,0.3,190.1
2024-10-29,26008,1,Depot,05:29:40,89.6,93.6,0.05,0.0,5.25,0.0,4.300000000000011
2024-10-29,26008,2,Depot,02:52:52,52.0,92.0,0.0,0.0,3.4,2.6,189.7
2024-10-29,26009,1,Depot,05:31:40,90.4,93.6,0.6,0.0,7.499999999999999,0.0,18.30000000000001
2024-10-29,26009,2,Depot,00:15:05,51.2,59.2,0.0,0.0,0.4,0.0,28.8
2024-10-29,26009,3,Depot,01:57:38,44.8,91.6,0.15,0.0,3.2,0.0,191.8
2024-10-29,26010,1,Depot,02:03:38,71.6,93.2,0.15,0.0,2.1,0.0,106.8
2024-10-29,26010,2,Depot,02:15:42,50.8,91.6,0.05,0.0,2.85,2.9,194.2
2024-10-29,26012,1,Depot,05:33:43,89.6,93.6,0.05,0.0,5.45,0.0,5.700000000000017
2024-10-29,26012,2,Depot,02:59:55,48.8,88.8,0.0,0.0,3.5,0.0,190.4
2024-10-29,26013,1,Depot,02:17:42,93.2,93.6,0.05,0.0,2.700000000000001,0.0,0.6999999999999886
2024-10-29,26013,2,Depot,03:07:57,93.6,93.6,0.04999999999999999,0.0,3.75,0.0,1.799999999999983
2024-10-29,26013,3,Depot,00:21:06,53.6,57.6,0.0,0.0,0.35,0.0,17.6
2024-10-29,26013,4,Depot,00:27:08,58.0,66.8,0.0,0.0,0.45,0.0,41.40000000000001
2024-10-29,26013,5,Depot,00:50:15,65.2,82.0,0.05,0.0,1.3,4.05,81.39999999999999
2024-10-29,26014,1,Depot,03:46:39,93.6,94.0,0.05,0.0,5.949999999999999,0.0,2.399999999999991
2024-10-29,26014,2,Depot,01:44:35,94.0,94.0,0.0,0.0,2.75,0.0,1.900000000000006
2024-10-29,26014,3,Depot,02:03:38,57.6,91.6,0.0,0.0,3.4,0.0,130.2
2024-10-29,26016,1,Depot,02:09:39,67.2,94.0,0.0,0.0,2.15,0.0,102.6
2024-10-29,26016,2,Depot,01:26:17,42.0,84.8,0.0,0.0,2.05,0.8,157.9
2024-10-29,26016,3,Depot,00:33:11,80.0,88.0,0.0,0.0,0.7,0.0,30.8
2024-10-30,26003,1,Depot,04:52:28,84.8,93.6,0.0,0.0,5.05,0.0,48.90000000000003
2024-10-30,26003,2,Depot,01:48:33,46.8,91.2,0.0,0.0,2.55,0.0,206.3
2024-10-30,26005,1,Depot,02:30:46,72.4,92.4,0.0,0.0,2.45,0.0,89.5
2024-10-30,26005,2,Depot,00:24:07,89.2,91.6,0.0,0.0,0.45,0.0,11.3
2024-10-30,26006,1,Depot,02:24:45,49.6,88.8,0.1,0.0,3.8,0.0,187.4
2024-10-30,26008,1,Depot,00:44:13,52.8,70.8,0.0,0.0,0.9,0.0,82.1
2024-10-30,26008,2,Depot,01:20:25,71.6,92.8,0.0,0.0,1.6,0.0,102.3
2024-10-30,26009,1,Depot,00:41:13,53.6,74.8,0.0,0.0,1.2,0.0,60.7
2024-10-30,26009,2,Depot,01:37:29,53.6,90.4,0.05,0.0,2.45,0.0,92.9
2024-10-30,26009,3,Depot,02:14:41,90.8,93.6,0.15,0.0,2.95,0.0,5.200000000000003
2024-10-30,26010,1,Depot,01:59:37,56.8,90.0,0.0,0.0,1.95,0.0,159.3
2024-10-30,26012,1,Depot,01:47:34,65.2,88.8,0.0,0.0,1.75,0.0,112.8
2024-10-30,26013,1,Depot,02:50:52,64.4,90.0,0.0,0.0,2.8,0.0,123.7
2024-10-30,26013,2,Depot,02:00:38,62.0,93.6,0.05,0.0,2.35,0.0,153.3
2024-10-30,26014,1,Depot,00:52:17,66.4,90.8,0.0,0.0,1.6,0.0,20.7
2024-10-30,26014,2,Depot,02:21:44,58.0,91.2,0.0,0.0,3.65,0.0,128.9
2024-10-30,26016,1,Depot,01:29:28,63.2,89.6,0.0,0.0,2.75,8.9,99.3
2024-10-30,26016,2,Depot,01:55:56,60.4,92.4,0.0,0.0,2.75,0.0,118.3
2024-10-30,26016,3,Depot,01:12:23,76.8,93.2,0.0,0.0,1.3,0.0,63.8
2024-10-31,26003,1,Depot,04:51:28,91.6,93.6,0.0,0.0,4.75,0.0,17.59999999999999
2024-10-31,26003,2,Depot,01:48:33,52.8,93.2,0.0,0.0,2.35,0.0,187.4
2024-10-31,26005,1,Depot,01:39:30,74.4,92.0,0.0,0.0,1.7,0.0,85.7
2024-10-31,26005,2,Depot,01:38:30,49.6,68.4,0.0,0.0,2.25,0.0,86.4
2024-10-31,26006,1,Depot,02:28:46,56.4,93.2,0.05,0.15,4.1,0.0,177.3
2024-10-31,26008,1,Depot,04:54:29,92.8,93.6,0.05,0.0,4.85,0.0,8.400000000000006
2024-10-31,26008,2,Depot,00:17:05,72.0,79.6,0.0,0.0,0.4,0.0,36.7
2024-10-31,26008,3,Depot,00:53:17,71.2,89.2,0.0,0.1,1.0,0.0,88.9
2024-10-31,26009,1,Depot,00:23:07,66.8,75.2,0.05,0.0,0.75,0.0,7.7
2024-10-31,26009,2,Depot,01:58:37,45.6,88.4,0.05,0.0,3.55,0.0,170.0
2024-10-31,26010,1,Depot,01:25:27,73.2,92.0,0.05,0.0,1.4,0.0,93.80000000000001
2024-10-31,26010,2,Depot,02:34:49,57.2,92.4,0.05,0.0,2.75,0.0,169.3
2024-10-31,26012,1,Depot,04:54:29,89.2,93.6,0.0,0.0,4.550000000000001,0.0,15.0
2024-10-31,26012,2,Depot,01:36:29,63.6,91.2,0.0,0.0,1.45,0.0,133.7
2024-10-31,26013,1,Depot,01:39:30,58.4,90.0,0.0,0.0,1.6,0.0,151.9
2024-10-31,26013,2,Depot,00:14:05,90.0,90.4,0.0,0.0,0.25,0.0,2.400000000000006
2024-10-31,26014,1,Depot,03:03:57,51.6,93.6,0.0,0.0,5.15,0.0,141.7
2024-10-31,26016,1,Depot,02:59:16,53.2,94.0,0.0,0.0,3.2,0.0,155.6
