Unnamed: 0,Unnamed: 1,Unnamed: 2,Unnamed: 3,Unnamed: 4,Unnamed: 5,Unnamed: 6,Unnamed: 7,Unnamed: 8,Unnamed: 9,Unnamed: 10,Unnamed: 11
Date,Bus,ID,Type,Duration,SOC Start [%],SOC End [%],Air Compressor Energy Consumption [kWh],Rear HVAC Energy Consumption [kWh],LV Access. Energy Consumption [kWh],Electric Heater Energy Consumption[kWh],Energy Transferred [kWh]
2024-01-03 00:00:00,26003,1,Depot,05:59:50,30.8,93.2,0.09999999999999999,0,6.95,0,260.2
2024-01-03 00:00:00,26005,1,Depot,05:51:48,68.4,93.6,0.05,0,6.55,0,119.5
2024-01-03 00:00:00,26006,1,Depot,03:31:05,76,93.6,0.35,0,3.65,0,86.5
2024-01-03 00:00:00,26008,1,Depot,01:26:29,52,78.8,0,0,2.1,0,99.3
2024-01-03 00:00:00,26008,2,Depot,04:32:23,62,93.6,0.05,0,10.65,11.15,147.5
2024-01-03 00:00:00,26009,1,Depot,01:55:35,34.4,82,0,0,3.4,0,185.6
2024-01-03 00:00:00,26009,2,Depot,00:33:15,46,60,0.05,0,0.5,0,5.7
2024-01-03 00:00:00,26010,1,Depot,06:13:54,48.8,93.6,0.3,0,9.7,0,184.3
2024-01-03 00:00:00,26010,2,Depot,02:08:39,60,92.8,0.1,0,2.25,0,157.2
2024-01-03 00:00:00,26011,1,Depot,06:47:04,42,93.2,0.05,0,7.25,0,222.9
2024-01-03 00:00:00,26012,1,Depot,01:24:26,47.6,76.8,0.1,0,2,0,133.7
2024-01-03 00:00:00,26012,2,Depot,03:24:02,61.2,93.6,0.4,0,4,0,158.5
2024-01-03 00:00:00,26013,1,Depot,02:03:38,49.6,90.4,0.05,0,2.4,0,192.5
2024-01-03 00:00:00,26014,1,Depot,06:11:55,80,93.6,0,0,9.85,0,50.1
2024-01-03 00:00:00,26016,1,Depot,02:12:41,60.8,94,0,0,2.5,0,159.5
2024-01-03 00:00:00,26016,2,Depot,04:07:16,76.4,93.6,0.05,0,4.55,0,80.9
2024-01-03 00:00:00,26017,1,Depot,04:10:16,41.2,91.6,0,0,7.65,42,239.3
2024-01-04 00:00:00,26003,1,Depot,01:12:22,72.4,91.2,0,0,1.4,0,89.39999999999999
2024-01-04 00:00:00,26006,1,Depot,03:04:57,51.2,93.6,0.3,0,3.5,0,201.2
2024-01-04 00:00:00,26008,1,Depot,03:24:02,76,93.6,0.05,0,4.9,0,87.1
2024-01-04 00:00:00,26009,1,Depot,06:07:52,61.6,94,0,0,9.9,0,90.7
2024-01-04 00:00:00,26009,2,Depot,02:37:48,70.8,93.6,0,0,6.25,18.6,111.7
2024-01-04 00:00:00,26010,1,Depot,06:16:54,92.8,93.6,0.35,0,6.55,0,159.7
2024-01-04 00:00:00,26010,2,Depot,02:37:48,49.6,92.8,0.2,0,3.1,0,206.2
2024-01-04 00:00:00,26011,1,Depot,03:23:06,57.6,92.8,0,0,3.65,0,165.1
2024-01-04 00:00:00,26011,2,Depot,02:17:42,72,90,0,0,3.1,0,86.89999999999999
2024-01-04 00:00:00,26012,1,Depot,01:13:22,57.6,84,0.1,0,1.8,0,124
2024-01-04 00:00:00,26012,2,Depot,02:36:50,70.4,93.6,0.3,0,3.9,0,112.5
2024-01-04 00:00:00,26013,1,Depot,04:31:24,46.4,93.6,0.1,0,5.3,0,220.9
2024-01-04 00:00:00,26014,1,Depot,02:12:40,41.2,88.4,0,0,3.6,0,195.7
2024-01-04 00:00:00,26016,1,Depot,03:37:06,36.8,93.6,0.05,0,4.3,0,266.3
2024-01-04 00:00:00,26017,1,Depot,06:12:54,91.6,94,0.05,0,6.65,0,3.699999999999989
2024-01-04 00:00:00,26017,2,Depot,02:20:43,27.2,72,0,0,5.350000000000001,30.55,205
2024-01-05 00:00:00,26008,1,Depot,00:29:09,86.4,90,0,0,1.15,6.65,17.3
2024-01-05 00:00:00,26009,1,Depot,05:54:48,93.6,93.6,0.05,0,16.25,8.299999999999997,2.200000000000003
2024-01-05 00:00:00,26009,2,Depot,06:59:08,35.2,93.6,0.05,0,11.7,0,275.5
2024-01-05 00:00:00,26010,1,Depot,07:26:16,93.2,93.6,0.45,0,8.299999999999999,0,3
2024-01-05 00:00:00,26010,2,Depot,02:41:50,51.6,93.6,0.2,0,3,0,200.8
2024-01-05 00:00:00,26011,1,Depot,05:56:48,90,93.2,0.05,0,6.65,0,1.600000000000009
2024-01-05 00:00:00,26011,2,Depot,05:12:44,50,92.4,0.05,0,6.15,0,186.7
2024-01-05 00:00:00,26012,1,Depot,01:21:26,52.8,76.4,0.1,0,2,0,113
2024-01-05 00:00:00,26012,2,Depot,05:43:45,62,93.6,0.8,0,7.35,0,156.2
2024-01-05 00:00:00,26013,1,Depot,07:28:17,93.6,93.6,0.1,0,8.5,0,3
2024-01-05 00:00:00,26013,2,Depot,01:05:20,48,72.4,0,0,1.25,0,112.1
2024-01-05 00:00:00,26013,3,Depot,02:28:45,70.8,91.6,0.05,0,2.7,0,103.6
2024-01-05 00:00:00,26014,1,Depot,07:27:17,88.4,94,0.05,0,12.05,0,10.5
2024-01-05 00:00:00,26016,1,Depot,01:31:28,44,84,0,0,2.5,4.35,184.2
2024-01-05 00:00:00,26017,1,Depot,05:57:49,73.2,93.6,0.05,0,13.4,6.449999999999999,76.10000000000002
2024-01-05 00:00:00,26017,2,Depot,01:57:37,61.2,93.6,0,0,4.35,9.6,156.4
2024-01-05 00:00:00,26017,3,Depot,00:18:06,63.2,69.2,0,0,0.85,0,27.6
2024-01-06 00:00:00,26002,1,Depot,11:37:43,93.6,93.6,0.05,0,12.95,0,3.699999999999989
2024-01-06 00:00:00,26009,1,Depot,11:38:34,93.6,93.6,0,0,18.75,0,287.2
2024-01-06 00:00:00,26010,1,Depot,08:20:33,93.6,93.6,0.6499999999999999,0,9.3,0,3.5
2024-01-06 00:00:00,26012,1,Depot,11:03:22,93.6,93.6,1.55,0,12.75,0,2.399999999999977
2024-01-06 00:00:00,26013,1,Depot,11:26:30,91.6,94,0.09999999999999999,0,12.65,0,4
2024-01-06 00:00:00,26016,1,Depot,08:26:35,33.6,94,0,0,10.3,0,268.9
2024-01-06 00:00:00,26017,1,Depot,08:15:31,70,93.6,0.05,0,10.25,0,103.8
2024-01-07 00:00:00,26002,1,Depot,01:09:23,27.2,41.6,0,0,3.2,15.05,25.1
2024-01-07 00:00:00,26005,1,Depot,06:33:01,29.2,93.2,0.05,0,7.55,0,299.9
2024-01-07 00:00:00,26008,1,Depot,13:24:27,62.4,94,0.05,0,16.9,0,136.1
2024-01-07 00:00:00,26010,1,Depot,12:35:51,28,93.6,0.45,0,14.1,0,278.6
2024-01-07 00:00:00,26012,1,Depot,11:55:40,62,93.6,1.25,0,14.15,0,141.2
2024-01-07 00:00:00,26013,1,Depot,07:39:20,87.6,93.6,0.1,0,13.65,4.649999999999999,28
2024-01-07 00:00:00,26014,1,Depot,06:19:56,32.8,86.8,0,0,12.15,5.9,215.2
2024-01-07 00:00:00,26016,1,Depot,12:28:49,34.4,93.6,0.05,0,14.5,0,256.9
2024-01-07 00:00:00,26017,1,Depot,13:01:59,31.2,93.6,0,0,21.85,9.75,265.5
2024-01-08 00:00:00,26002,1,Depot,06:04:59,93.6,93.6,0,0,16.45,3.25,3.399999999999991
2024-01-08 00:00:00,26002,2,Depot,00:51:17,50,70,0,0,0.95,0,91.4
2024-01-08 00:00:00,26003,1,Depot,06:18:56,90,93.2,0.1,0,17.45,3.55,11.3
2024-01-08 00:00:00,26003,2,Depot,02:59:55,75.2,91.6,0.05,0,5.55,1.8,70.9
2024-01-08 00:00:00,26005,1,Depot,06:42:03,93.2,93.6,0,0,7.299999999999999,0,2.699999999999989
2024-01-08 00:00:00,26005,2,Depot,02:51:53,93.2,93.6,0,0,3.7,0,0.8999999999999999
2024-01-08 00:00:00,26006,1,Depot,06:25:58,92.4,93.6,0.85,0,7.850000000000001,0,5.5
2024-01-08 00:00:00,26006,2,Depot,01:44:33,49.6,92,0.15,0,2,0,196.3
2024-01-08 00:00:00,26006,3,Depot,01:23:26,92,93.6,0.15,0,1.45,0,11
2024-01-08 00:00:00,26008,1,Depot,06:05:51,94,94,0.09999999999999999,0,6.850000000000001,0,3.900000000000006
2024-01-08 00:00:00,26008,2,Depot,02:02:37,59.2,92.8,0,0,3,0,161.7
2024-01-08 00:00:00,26009,1,Depot,03:26:04,67.6,94,0,0,6.65,1.1,120.2
2024-01-08 00:00:00,26009,2,Depot,01:07:20,81.2,93.2,0,0,2.05,0,58.40000000000001
2024-01-08 00:00:00,26009,3,Depot,03:05:56,90.4,94,0,0,4.75,0,17.6
2024-01-08 00:00:00,26010,1,Depot,06:01:50,93.6,93.6,0.35,0,6.499999999999998,0,4
2024-01-08 00:00:00,26010,2,Depot,02:42:50,54.8,92,0.2,0,3,0,179.7
2024-01-08 00:00:00,26011,1,Depot,06:24:57,86.8,92.4,0,0,11.4,3.1,24.8
2024-01-08 00:00:00,26011,2,Depot,07:53:25,61.6,92.8,0.05,0,8.55,0,136.3
2024-01-08 00:00:00,26012,1,Depot,06:01:51,93.6,93.6,0.7999999999999998,0,6.449999999999999,0,2.5
2024-01-08 00:00:00,26013,1,Depot,05:59:51,93.6,93.6,0.04999999999999999,0,10.55,6,3.400000000000002
2024-01-08 00:00:00,26013,2,Depot,02:02:37,56.4,94,0.05,0,2.15,0,178.8
2024-01-08 00:00:00,26013,3,Depot,00:43:14,80.8,89.6,0,0,1.05,1.45,44.2
2024-01-08 00:00:00,26014,1,Depot,02:36:47,38.8,85.6,0,0,5.350000000000001,14.7,173.4
2024-01-08 00:00:00,26014,2,Depot,03:02:57,49.6,92.4,0,0,5.5,3.25,47.1
2024-01-08 00:00:00,26014,3,Depot,01:00:19,80.8,92,0,0,1.7,0,50.7
2024-01-08 00:00:00,26014,4,Depot,01:31:29,67.6,91.6,0,0,2.95,12.95,92.80000000000001
2024-01-08 00:00:00,26016,1,Depot,06:02:50,93.6,93.6,0.05,0,6.700000000000001,0,4.599999999999994
2024-01-08 00:00:00,26016,2,Depot,03:10:59,38.8,91.6,0,0,3.65,0,244.4
2024-01-08 00:00:00,26017,1,Depot,06:00:50,93.6,93.6,0,0,10.25,2.550000000000001,5.199999999999989
2024-01-08 00:00:00,26017,2,Depot,04:30:23,42.4,93.6,0,0,6.05,17.75,240.9
2024-01-09 00:00:00,26003,1,Depot,04:22:20,46.8,91.6,0,0,4.55,0,192.6
2024-01-09 00:00:00,26005,1,Depot,06:36:01,93.6,93.6,0,0,7.4,0,2.6
2024-01-09 00:00:00,26005,2,Depot,04:05:15,56,93.6,0,0,4.3,0,182.9
2024-01-09 00:00:00,26005,3,Depot,02:20:44,90,93.6,0,0,2.45,0,21.1
2024-01-09 00:00:00,26006,1,Depot,02:25:45,60.4,92,0.4,0,4.2,2.6,153.7
2024-01-09 00:00:00,26006,2,Depot,03:10:59,83.2,93.6,0.45,0,3.9,0,45.2
2024-01-09 00:00:00,26008,1,Depot,01:55:35,64.8,92,0,0,2.9,0,109.5
2024-01-09 00:00:00,26009,1,Depot,08:07:29,94,93.6,0.05,0,12.55,0,4.600000000000001
2024-01-09 00:00:00,26009,2,Depot,01:32:28,63.6,90,0.05,0,2.75,0.25,127.7
2024-01-09 00:00:00,26010,1,Depot,00:23:07,92,92.8,0,0,0.4000000000000004,0,2.800000000000011
2024-01-09 00:00:00,26010,2,Depot,05:39:43,92.8,93.6,0.45,0,6.1,0,2.5
2024-01-09 00:00:00,26010,3,Depot,02:43:50,48.8,92.4,0.1,0,2.9,0,207.5
2024-01-09 00:00:00,26011,1,Depot,06:33:00,92.8,93.6,0,0,7.200000000000001,0,2.099999999999994
2024-01-09 00:00:00,26011,2,Depot,03:27:03,36,93.6,0,0,3.9,0,248.2
2024-01-09 00:00:00,26013,1,Depot,04:38:25,45.6,93.6,0.05,0,5.6,0,228.7
2024-01-09 00:00:00,26014,1,Depot,02:49:52,72.4,93.2,0,0,4.5,0.1,96
2024-01-09 00:00:00,26014,2,Depot,01:08:21,73.6,91.6,0,0,1.7,0,70.1
2024-01-09 00:00:00,26017,1,Depot,05:56:49,93.6,94,0.05,0,6.549999999999999,0,12.90000000000001
2024-01-09 00:00:00,26017,2,Depot,04:39:26,33.2,92,0,0,5,0,279.6
2024-01-10 00:00:00,26003,1,Depot,04:33:24,53.2,90.8,0,0,4.85,0,169.8
2024-01-10 00:00:00,26005,1,Depot,03:41:07,66.8,93.6,0,0,4,0,128.5
2024-01-10 00:00:00,26005,2,Depot,04:49:28,88,93.6,0,0,5.15,0.2,30.5
2024-01-10 00:00:00,26006,1,Depot,06:18:56,73.6,93.6,0.95,0,6.55,0,98.5
2024-01-10 00:00:00,26008,1,Depot,01:02:19,66.4,86.4,0,0,1.55,0,98.6
2024-01-10 00:00:00,26008,2,Depot,04:33:24,89.2,94,0.05,0,5.3,0,24
2024-01-10 00:00:00,26009,1,Depot,01:59:37,53.2,84,0,0,3.45,0,140.3
2024-01-10 00:00:00,26009,2,Depot,04:42:26,67.2,93.2,0,0,7,1.5,104
2024-01-10 00:00:00,26010,1,Depot,08:14:31,92.4,94,0.1,0,8.05,0,2.400000000000006
2024-01-10 00:00:00,26010,2,Depot,02:32:46,58,92.8,0.05,0,2.65,0,166.3
2024-01-10 00:00:00,26011,1,Depot,06:26:59,93.6,93.6,0,0,6.4,0,2.599999999999994
2024-01-10 00:00:00,26011,2,Depot,06:17:56,60.8,93.6,0.05,0,6.8,0,146.5
2024-01-10 00:00:00,26013,1,Depot,03:18:01,61.2,93.6,0.05,0,3.4,0,158.6
2024-01-10 00:00:00,26014,1,Depot,06:35:01,91.6,93.6,0,0,9.85,0,5.400000000000006
2024-01-10 00:00:00,26014,2,Depot,00:53:16,72.8,89.6,0,0,1.5,0,82.9
2024-01-10 00:00:00,26016,1,Depot,01:56:36,20.4,71.6,0.05,0,2.8,6.45,233
2024-01-10 00:00:00,26016,2,Depot,04:31:23,49.6,93.6,0.05,0,4.95,0,188
2024-01-10 00:00:00,26017,1,Depot,06:05:52,92,93.6,0,0,5.950000000000001,0,3.5
2024-01-10 00:00:00,26017,2,Depot,04:29:22,47.2,93.6,0,0,9.05,15.25,221.3
2024-01-11 00:00:00,26003,1,Depot,06:28:59,90.8,90.8,0.05,0,6.799999999999999,0,0.1999999999999886
2024-01-11 00:00:00,26003,2,Depot,01:55:36,54,92,0,0,2.95,7.05,168.3
2024-01-11 00:00:00,26005,1,Depot,02:28:46,93.6,93.6,0,0,2.65,0,1.700000000000003
2024-01-11 00:00:00,26005,2,Depot,02:55:54,92.4,93.6,0.05,0,3.7,0,9.6
2024-01-11 00:00:00,26006,1,Depot,06:51:06,93.6,93.6,1.1,0,7.050000000000001,0,2.600000000000009
2024-01-11 00:00:00,26006,2,Depot,04:40:27,56,93.6,0.7,0,4.9,0,183
2024-01-11 00:00:00,26008,1,Depot,06:27:59,93.6,93.6,0.05,0,6.799999999999999,0,3.5
2024-01-11 00:00:00,26009,1,Depot,06:17:55,93.6,93.6,0.05,0,9.249999999999998,0,4.199999999999989
2024-01-11 00:00:00,26009,2,Depot,02:16:42,74.8,92.4,0,0,4.4,2.4,86.3
2024-01-11 00:00:00,26009,3,Depot,00:47:15,92.4,92.8,0,0,1.3,0.1000000000000001,2.399999999999991
2024-01-11 00:00:00,26010,1,Depot,03:07:57,92.8,94,0.05,0,3.25,0,2
2024-01-11 00:00:00,26010,2,Depot,02:42:50,61.6,92.4,0.1,0,2.85,0,151.5
2024-01-11 00:00:00,26011,1,Depot,06:25:58,93.6,93.6,0,0,6.6,0,0.3000000000000114
2024-01-11 00:00:00,26011,2,Depot,03:04:57,64,93.2,0,0,3.7,0,130.3
2024-01-11 00:00:00,26013,1,Depot,03:07:57,59.2,93.6,0.05,0,3.15,0,168.5
2024-01-11 00:00:00,26014,1,Depot,01:53:34,44,90,0,0,2.95,0,171
2024-01-11 00:00:00,26016,1,Depot,06:13:54,93.6,93.6,0.05,0,6.65,0,2.5
2024-01-11 00:00:00,26016,2,Depot,01:55:36,90,93.6,0,0,2.35,0,17.5
2024-01-11 00:00:00,26017,1,Depot,06:19:56,93.6,94,0.05,0,16.25,2.850000000000001,12.40000000000001
2024-01-11 00:00:00,26017,2,Depot,04:28:23,44.4,93.6,0,0,5.15,0,236.4
2024-01-12 00:00:00,26003,1,Depot,01:42:31,52.8,90.4,0,0,2.1,1.9,167.6
2024-01-12 00:00:00,26005,1,Depot,01:38:30,60,92.4,0,0,1.9,0,156.8
2024-01-12 00:00:00,26006,1,Depot,01:30:28,61.2,92,0.2,0,1.55,0,148.4
2024-01-12 00:00:00,26008,1,Depot,01:48:33,66.8,86.8,0.05,0,2.75,0,97.2
2024-01-12 00:00:00,26009,1,Depot,03:05:57,63.6,93.6,0,0,6.7,15,145.5
2024-01-12 00:00:00,26010,1,Depot,06:16:55,92.4,93.6,0.35,0,6.65,0,2.199999999999989
2024-01-12 00:00:00,26010,2,Depot,02:39:50,52.4,92.4,0.05,0,2.9,0.55,190.8
2024-01-12 00:00:00,26011,1,Depot,02:20:43,61.6,90.8,0,0,2.6,0,142.9
2024-01-12 00:00:00,26013,1,Depot,02:22:44,55.6,93.6,0.05,0,2.45,0,183.3
2024-01-12 00:00:00,26014,1,Depot,01:13:23,60,88.8,0,0,2.25,1.7,111.2
2024-01-12 00:00:00,26014,2,Depot,01:45:32,67.2,92.8,0,0,2.7,0,99.39999999999999
2024-01-12 00:00:00,26016,1,Depot,00:10:56,46,50,0,0,0.15,0,17.3
2024-01-12 00:00:00,26016,2,Depot,01:46:32,53.2,92,0,0,2.05,0,183.9
2024-01-12 00:00:00,26017,1,Depot,06:10:54,93.6,94,0.05,0,6.6,0,3
2024-01-12 00:00:00,26017,2,Depot,01:53:35,44.4,90.8,0,0,2.2,0,217.6
2024-01-13 00:00:00,26010,1,Depot,00:08:02,92.4,92.4,0.05,0,0.1499999999999999,0,0.3000000000000114
2024-01-13 00:00:00,26010,2,Depot,06:23:58,50.4,94,0.25,0,7.05,0,201.1
2024-01-13 00:00:00,26013,1,Depot,06:53:07,58.4,94,0.05,0,7.6,0,172.4
2024-01-14 00:00:00,26005,1,Depot,06:38:02,67.6,93.6,0.05,0,7.8,0,127.3
2024-01-14 00:00:00,26006,1,Depot,07:47:25,71.2,93.6,1.5,0,8.65,0,103.2
2024-01-14 00:00:00,26010,1,Depot,08:00:27,94,93.6,0.4,0,9.200000000000001,0,2.900000000000006
2024-01-14 00:00:00,26010,2,Depot,06:40:02,40.8,93.6,0.4,0,7.5,0,249.7
2024-01-14 00:00:00,26011,1,Depot,07:45:23,72.8,93.6,0,0,8.7,0,102.5
2024-01-14 00:00:00,26013,1,Depot,08:02:27,94,93.6,0,0,9.1,0,3.699999999999989
2024-01-14 00:00:00,26013,2,Depot,02:13:41,84.4,93.6,0,0,2.65,0,39.9
2024-01-15 00:00:00,26005,1,Depot,00:19:06,93.6,93.6,0,0,0.3499999999999996,0,0.1999999999999886
2024-01-15 00:00:00,26006,1,Depot,00:22:06,93.6,93.6,0.1000000000000001,0,0.4000000000000004,0,0.4000000000000057
2024-01-15 00:00:00,26010,1,Depot,00:21:07,93.6,93.6,0.04999999999999999,0,0.4000000000000004,0,0.2999999999999829
2024-01-15 00:00:00,26011,1,Depot,00:17:05,93.6,94,0.05,0,0.3000000000000007,0,0.2999999999999972
2024-01-15 00:00:00,26013,1,Depot,00:07:02,44.4,47.2,0,0,0.35,1.55,12.3
2024-01-15 00:00:00,26013,2,Depot,23:27:51,47.6,93.6,0.3,0,25.3,0,176.6
2024-01-16 00:00:00,26003,1,Depot,02:24:44,56.8,88.4,0.05,0,3.25,0,137.6
2024-01-16 00:00:00,26005,1,Depot,00:19:06,92.8,92.8,0,0,0.6499999999999999,0,0.4
2024-01-16 00:00:00,26005,2,Depot,00:30:10,68,78,0,0,1.05,5.65,49.2
2024-01-16 00:00:00,26005,3,Depot,02:43:50,73.6,93.6,0.05,0,6.35,13.65,98
2024-01-16 00:00:00,26006,1,Depot,02:53:53,59.2,93.6,0.65,0,3.35,0,166.4
2024-01-16 00:00:00,26008,1,Depot,02:30:45,74.4,86.8,0,0,4.15,0,60.4
2024-01-16 00:00:00,26008,2,Depot,04:27:22,44,93.6,0.05,0,6.9,0,230.5
2024-01-16 00:00:00,26009,1,Depot,03:44:09,75.2,72,0,0,11.05,0.1,8.8
2024-01-16 00:00:00,26009,2,Depot,01:25:26,70,70.4,0,0,2.5,0.05,0.9
2024-01-16 00:00:00,26009,3,Depot,00:30:10,69.2,69.6,0,0,0.8999999999999999,0.05,1.7
2024-01-16 00:00:00,26009,4,Depot,06:49:05,70,93.6,0,0,13.6,0.95,96.9
2024-01-16 00:00:00,26010,1,Depot,00:40:13,89.6,93.2,0.05,0,1.3,0,16.9
2024-01-16 00:00:00,26010,2,Depot,02:40:49,41.2,93.6,0.2,0,3.4,0,245.6
2024-01-16 00:00:00,26011,1,Depot,04:33:24,43.2,93.6,0.05,0,5.45,0,238.4
2024-01-16 00:00:00,26013,1,Depot,05:45:45,93.6,93.6,0.1,0,6.400000000000002,0,2.400000000000006
2024-01-16 00:00:00,26013,2,Depot,02:59:55,32.8,93.6,0.05,0,4.6,4.65,284
2024-01-16 00:00:00,26016,1,Depot,06:39:02,36.4,93.6,0.1,0,7.7,0,271.1
2024-01-16 00:00:00,26017,1,Depot,02:13:41,42.8,91.6,0.04999999999999982,0,2.700000000000003,0,229.2
2024-01-17 00:00:00,26003,1,Depot,11:21:28,88.8,93.6,0.15,0,13.35,0,3.900000000000006
2024-01-17 00:00:00,26003,2,Depot,04:25:21,32.4,93.6,0.05,0,5.45,0,232.5
2024-01-17 00:00:00,26005,1,Depot,04:18:19,45.6,94,0.05,0,5.15,0,231.8
2024-01-17 00:00:00,26006,1,Depot,09:54:03,46.4,93.6,2.05,0,11.45,0,224.9
2024-01-17 00:00:00,26008,1,Depot,06:59:07,93.6,93.6,0.09999999999999999,0,9.350000000000001,0.05,3.700000000000017
2024-01-17 00:00:00,26008,2,Depot,00:19:06,58.4,60,0.05,0,0.95,3.85,6.1
2024-01-17 00:00:00,26008,3,Depot,04:07:15,56,90.4,0.05,0,6.7,0,135.2
2024-01-17 00:00:00,26009,1,Depot,01:57:36,80,77.2,0,0,7,0.05,4
2024-01-17 00:00:00,26009,2,Depot,00:17:05,76.8,76.8,0,0,0.6,0,0.2
2024-01-17 00:00:00,26009,3,Depot,04:11:16,33.2,80.8,0,0,7.75,0,220.5
2024-01-17 00:00:00,26010,1,Depot,09:56:02,93.6,93.6,0.75,0,17.65,6.85,4.5
2024-01-17 00:00:00,26010,2,Depot,01:27:26,32,64,0.15,0,1.7,0,147.9
2024-01-17 00:00:00,26011,1,Depot,09:13:49,44,94,0.1,0,11.05,0,219.9
2024-01-17 00:00:00,26013,1,Depot,09:39:58,37.6,93.6,0.15,0,11.15,0,196.3
2024-01-17 00:00:00,26016,1,Depot,08:14:31,29.6,94,0.1,0,10.05,0,307.3
2024-01-17 00:00:00,26017,1,Depot,02:22:44,53.6,93.2,0,0,4.55,19.55,189.3
2024-01-17 00:00:00,26017,2,Depot,04:23:20,58,93.6,0.05,0,5.05,0,156.4
2024-01-18 00:00:00,26003,1,Depot,11:40:33,93.6,94,0.15,0,13.7,0,8.900000000000006
2024-01-18 00:00:00,26003,2,Depot,00:55:17,48.8,63.6,0,0,1.25,0.45,65.10000000000001
2024-01-18 00:00:00,26005,1,Depot,00:51:16,94,93.6,0,0,1,0,2.300000000000011
2024-01-18 00:00:00,26005,2,Depot,05:20:37,93.6,94,0,0,6.199999999999999,0,2.900000000000006
2024-01-18 00:00:00,26006,1,Depot,06:14:55,93.6,93.6,1.35,0,7.199999999999999,0,2.400000000000006
2024-01-18 00:00:00,26006,2,Depot,05:02:33,47.6,93.6,0.85,0,6.75,0.3,219.4
2024-01-18 00:00:00,26008,1,Depot,00:29:09,37.6,42,0,0,0.75,0,13.1
2024-01-18 00:00:00,26008,2,Depot,01:49:33,42.4,62.8,0.05,0,2.9,0,94.5
2024-01-18 00:00:00,26008,3,Depot,02:51:52,65.2,90.4,0,0,4.5,0,124.6
2024-01-18 00:00:00,26008,4,Depot,03:06:57,60.4,94,0.05,0,4.75,0,150.7
2024-01-18 00:00:00,26009,1,Depot,06:18:56,81.2,94,0.05,0,10.75,0,59.10000000000002
2024-01-18 00:00:00,26009,2,Depot,00:27:09,72.8,76.4,0,0,1.55,5.95,16.6
2024-01-18 00:00:00,26009,3,Depot,04:39:25,38.8,93.6,0,0,8.25,0,248.3
2024-01-18 00:00:00,26010,1,Depot,13:28:07,65.2,93.6,0.9999999999999999,0,17,2.05,115.5
2024-01-18 00:00:00,26010,2,Depot,02:01:38,50,74,0.15,0,2.3,0,112.3
2024-01-18 00:00:00,26010,3,Depot,00:13:04,73.2,78.4,0,0,0.25,0,26.7
2024-01-18 00:00:00,26011,1,Depot,06:13:55,94,94,0,0,7.249999999999998,0,2.900000000000006
2024-01-18 00:00:00,26011,2,Depot,03:15:00,51.2,93.6,0,0,3.85,0,203.5
2024-01-18 00:00:00,26011,3,Depot,01:45:33,93.6,93.6,0,0,1.9,0,1.300000000000011
2024-01-18 00:00:00,26013,1,Depot,05:41:44,93.6,94,0.1,0,6.650000000000002,0,2
2024-01-18 00:00:00,26013,2,Depot,03:41:08,35.6,93.6,0.05,0,4.5,0,272
2024-01-18 00:00:00,26014,1,Depot,09:54:02,66.8,93.6,0,0,18.55,5.75,66.9
2024-01-18 00:00:00,26016,1,Depot,06:06:53,94,93.6,0.04999999999999999,0,7.200000000000001,0,3.799999999999955
2024-01-18 00:00:00,26016,2,Depot,04:53:30,34.4,93.6,0.05,0,6.15,0,261.3
2024-01-18 00:00:00,26017,1,Depot,07:16:13,93.6,94,0.05,0,8.350000000000001,0,3.900000000000006
2024-01-18 00:00:00,26017,2,Depot,02:12:41,61.2,93.6,0,0,6.600000000000001,12.95,157.8
2024-01-18 00:00:00,26017,3,Depot,03:44:09,68.8,93.6,0,0,4.4,0,124.6
2024-01-19 00:00:00,26006,1,Depot,00:52:16,42.8,66.8,0.2,0,1.25,0,106.9
2024-01-19 00:00:00,26006,2,Depot,04:42:26,46,92.8,0.95,0,6.600000000000001,0.1,220.3
2024-01-19 00:00:00,26008,1,Depot,04:09:16,34.4,86,0.05,0,6.55,0,241.8
2024-01-19 00:00:00,26009,1,Depot,06:23:56,93.6,94,0.05,0,10,0,5.300000000000011
2024-01-19 00:00:00,26009,2,Depot,00:34:11,80.8,91.6,0.05,0,1.95,0.05,4.6
2024-01-19 00:00:00,26009,3,Depot,04:10:16,47.6,94,0.05,0,7.7,0,219.3
2024-01-19 00:00:00,26010,1,Depot,06:29:59,79.6,93.6,0.45,0,6.95,0,69
2024-01-19 00:00:00,26010,2,Depot,00:31:10,93.6,93.2,0.05,0,1.7,0,0.2
2024-01-19 00:00:00,26010,3,Depot,00:52:17,91.6,92.8,0.05,0,2.25,4.7,6.1
2024-01-19 00:00:00,26010,4,Depot,01:58:36,44,80.8,0.05,0,4,20.2,170.6
2024-01-19 00:00:00,26011,1,Depot,00:50:16,55.2,76,0,0,1.4,4.15,96.2
2024-01-19 00:00:00,26011,2,Depot,01:02:19,28.8,56.8,0,0,1.25,0,126.7
2024-01-19 00:00:00,26013,1,Depot,09:52:01,41.6,94,0.15,0,11.15,0,246.1
2024-01-19 00:00:00,26014,1,Depot,23:56:18,93.6,93.6,0.05,0,44.5,2.4,4.5
2024-01-19 00:00:00,26016,1,Depot,08:21:33,37.2,93.6,0.1,0,9.6,0,271.9
2024-01-19 00:00:00,26017,1,Depot,01:17:24,57.2,84,0,0,2.2,8.1,127.8
2024-01-19 00:00:00,26017,2,Depot,00:47:15,76,90,0,0,1.3,1.1,69.10000000000001
2024-01-20 00:00:00,26006,1,Depot,23:56:23,92.8,93.6,5.1,0,41.65,19.6,4.300000000000011
2024-01-20 00:00:00,26008,1,Depot,02:50:52,86.4,93.6,0,0,3.85,0,28.09999999999999
2024-01-20 00:00:00,26008,2,Depot,04:43:27,62.8,93.2,0.1,0,7.25,0,149.7
2024-01-20 00:00:00,26009,1,Depot,23:57:19,94,92,0.05,0,38.9,0,5.099999999999994
2024-01-20 00:00:00,26010,1,Depot,08:22:34,81.6,93.6,0.5499999999999999,0,21.45,7.949999999999999,58.79999999999998
2024-01-20 00:00:00,26011,1,Depot,23:56:18,58,93.6,0.1,0,57.55,29.35,160.5
2024-01-20 00:00:00,26013,1,Depot,23:57:19,94,92.4,0.3,0,28,0,4.900000000000006
2024-01-20 00:00:00,26014,1,Depot,23:57:19,93.6,93.6,0.05,0,45.9,0,5.099999999999994
2024-01-20 00:00:00,26016,1,Depot,15:32:46,93.6,93.6,0.1,0,18.45,0,6.699999999999989
2024-01-20 00:00:00,26017,1,Depot,04:14:18,50.8,93.2,0.04999999999999982,0,9.55,22.8,203.3
2024-01-20 00:00:00,26017,2,Depot,04:40:25,84,93.6,0.05,0,12.4,21.15,46.3
2024-01-21 00:00:00,26006,1,Depot,23:57:23,93.6,93.6,4.8,0,41.59999999999999,2.25,3.699999999999989
2024-01-21 00:00:00,26008,1,Depot,08:08:29,93.6,92.8,0.1,0,9.849999999999998,0,7
2024-01-21 00:00:00,26008,2,Depot,06:48:04,32.4,94,0.05,0,14.85,12.25,286.7
2024-01-21 00:00:00,26009,1,Depot,16:34:03,92,88.8,0.04999999999999999,0,26.5,0,6.400000000000006
2024-01-21 00:00:00,26011,1,Depot,11:34:32,93.6,93.6,0.04999999999999999,0,28.7,0.5,9.100000000000023
2024-01-21 00:00:00,26011,2,Depot,05:26:40,48.4,93.6,0,0,12.55,18.95,211.7
2024-01-21 00:00:00,26013,1,Depot,23:57:18,92.4,90.4,0.2499999999999999,0,29.7,0.15,9
2024-01-21 00:00:00,26014,1,Depot,05:30:41,93.6,93.6,0,0,10.7,0,3
2024-01-21 00:00:00,26014,2,Depot,18:24:38,93.6,93.6,0.04999999999999999,0,35.30000000000001,0,5.299999999999997
2024-01-21 00:00:00,26016,1,Depot,08:15:32,22.8,93.6,0,0,10.45,0,309.3
2024-01-21 00:00:00,26016,2,Depot,05:38:44,84,93.6,0.05,0,14.3,7.15,51.6
2024-01-21 00:00:00,26017,1,Depot,02:03:38,93.6,93.6,0,0,5.599999999999998,2.5,2.5
2024-01-21 00:00:00,26017,2,Depot,06:33:59,26.8,93.6,0,0,10.85,25.19999999999999,313.2
2024-01-22 00:00:00,26005,1,Depot,00:40:12,74.4,88,0,0,0.8,0,67.9
2024-01-22 00:00:00,26005,2,Depot,02:52:54,62.8,92,0.05,0,3.65,0,141.1
2024-01-22 00:00:00,26005,3,Depot,00:39:12,92,93.6,0,0,0.6999999999999997,0,0.700000000000017
2024-01-22 00:00:00,26006,1,Depot,06:32:00,93.6,93.6,1.300000000000001,0,11.84999999999999,0.3500000000000014,2.900000000000006
2024-01-22 00:00:00,26006,2,Depot,09:48:01,48,93.6,1.7,0,10.95,0,227.5
2024-01-22 00:00:00,26008,1,Depot,05:59:50,94,93.6,0.09999999999999999,0,16.9,6.449999999999999,4.399999999999977
2024-01-22 00:00:00,26008,2,Depot,04:01:14,48.4,93.6,0.05,0,6.05,0.65,214.2
2024-01-22 00:00:00,26009,1,Depot,04:07:17,36.4,33.6,0.05,0,6.75,0,4.6
2024-01-22 00:00:00,26009,2,Depot,00:35:10,34,32.8,0,0,1.5,0,1.3
2024-01-22 00:00:00,26009,3,Depot,01:17:24,32.4,32.8,0,0,2.05,0,1.2
2024-01-22 00:00:00,26009,4,Depot,11:03:23,33.2,93.6,0,0,18.55,0,255.8
2024-01-22 00:00:00,26010,1,Depot,03:25:02,19.6,84,0.2,0,6.75,0,298.1
2024-01-22 00:00:00,26010,2,Depot,02:37:48,43.2,84.8,0.15,0,2.9,0,196
2024-01-22 00:00:00,26011,1,Depot,06:03:51,93.6,93.6,0.05,0,16.25,0.1999999999999993,212.6
2024-01-22 00:00:00,26011,2,Depot,09:40:57,45.6,93.2,0.05,0,11,0,216.6
2024-01-22 00:00:00,26013,1,Depot,05:50:47,90.4,88.4,0.1000000000000001,0,10.55,0.2,6
2024-01-22 00:00:00,26013,2,Depot,09:20:52,41.2,93.6,0.15,0,10.7,0,255.3
2024-01-22 00:00:00,26014,1,Depot,23:56:20,93.6,93.6,0,0,45.59999999999999,0,4.600000000000001
2024-01-22 00:00:00,26016,1,Depot,05:57:49,93.6,92,0.05,0,16.05,1.75,11.59999999999999
2024-01-22 00:00:00,26016,2,Depot,06:50:06,30.4,93.6,0.05,0,8.15,0,277.9
2024-01-22 00:00:00,26017,1,Depot,06:42:03,93.6,93.6,0.04999999999999982,0,16.3,7.300000000000011,3
2024-01-22 00:00:00,26017,2,Depot,02:19:43,58,93.2,0,0,3.85,2.25,168.4
2024-01-22 00:00:00,26017,3,Depot,04:33:24,69.2,93.6,0.05,0,5.05,0,118.8
2024-01-23 00:00:00,26005,1,Depot,04:34:26,83.6,93.6,0,0,5.05,0,46.9
2024-01-23 00:00:00,26005,2,Depot,04:43:26,71.2,93.6,0,0,5.15,0,111.8
2024-01-23 00:00:00,26006,1,Depot,06:20:58,93.6,93.6,1.2,0,7.050000000000001,0,3.699999999999989
2024-01-23 00:00:00,26006,2,Depot,09:52:03,54.8,93.6,1.6,0,10.4,0,188.1
2024-01-23 00:00:00,26008,1,Depot,04:41:26,52.4,93.6,0.05,0,7.45,0,142.1
2024-01-23 00:00:00,26008,2,Depot,04:22:20,40.8,93.6,0.05,0,9.7,26.4,200.8
2024-01-23 00:00:00,26009,1,Depot,08:48:41,93.6,94.4,0.05,0,13.45,0,7.199999999999989
2024-01-23 00:00:00,26009,2,Depot,01:23:27,82.8,94,0,0,3.7,7.2,54.9
2024-01-23 00:00:00,26009,3,Depot,04:18:19,68.8,93.6,0,0,9.399999999999999,23.55,120
2024-01-23 00:00:00,26010,1,Depot,13:37:10,84.8,93.6,0.65,0,15,0,3.200000000000017
2024-01-23 00:00:00,26010,2,Depot,01:23:25,55.2,85.6,0.05,0,1.55,0,144.9
2024-01-23 00:00:00,26011,1,Depot,06:22:57,93.2,93.2,0,0,7.199999999999999,0,1.5
2024-01-23 00:00:00,26011,2,Depot,09:41:58,52.8,93.6,0.05,0,13.4,4.3,179.5
2024-01-23 00:00:00,26013,1,Depot,06:14:54,93.6,94,0.05000000000000002,0,7.199999999999999,0,3.699999999999989
2024-01-23 00:00:00,26013,2,Depot,09:51:01,56.8,93.6,0.1,0,10.85,0,186.7
2024-01-23 00:00:00,26014,1,Depot,12:38:52,93.6,93.6,0,0,23.65000000000001,0,4.099999999999994
2024-01-23 00:00:00,26014,2,Depot,00:06:02,90.8,92,0,0,0.2,0,5.8
2024-01-23 00:00:00,26014,3,Depot,04:21:20,62,93.6,0.05,0,7.15,0,121.7
2024-01-23 00:00:00,26016,1,Depot,06:03:51,93.6,93.6,0.05,0,6.949999999999999,0,2.5
2024-01-23 00:00:00,26016,2,Depot,02:53:54,49.2,93.6,0,0,3.4,0,210.1
2024-01-23 00:00:00,26017,1,Depot,07:10:12,93.6,93.6,0,0,7.75,0,3.200000000000003
2024-01-23 00:00:00,26017,2,Depot,01:35:29,66,92.8,0,0,2.9,7.9,129.5
2024-01-23 00:00:00,26017,3,Depot,04:19:19,70.4,94,0,0,5.15,0,116.7
2024-01-24 00:00:00,26005,1,Depot,11:18:28,93.6,94,0.05,0,12.15,0,2.5
2024-01-24 00:00:00,26005,2,Depot,04:38:25,57.6,93.6,0,0,5,0,176.6
2024-01-24 00:00:00,26006,1,Depot,06:21:57,93.6,94,1.05,0,6.800000000000001,0,1.799999999999983
2024-01-24 00:00:00,26006,2,Depot,09:56:04,58,93.6,1.5,0,10,0,175.1
2024-01-24 00:00:00,26008,1,Depot,10:20:10,94,94,0.09999999999999999,0,15.75,2.550000000000001,8.5
2024-01-24 00:00:00,26008,2,Depot,00:49:16,52.8,68.8,0,0,1.4,0,14.9
2024-01-24 00:00:00,26008,3,Depot,04:13:17,52.4,94,0.05,0,5.05,0,187.9
2024-01-24 00:00:00,26009,1,Depot,06:19:56,94,93.6,0.05,0,15.6,5.150000000000002,2.699999999999989
2024-01-24 00:00:00,26009,2,Depot,01:14:22,80,93.6,0,0,2.85,14.85,67.7
2024-01-24 00:00:00,26009,3,Depot,07:10:11,78,93.6,0,0,11.2,0,86.7
2024-01-24 00:00:00,26010,1,Depot,12:58:58,86,93.6,0.6499999999999999,0,13.8,0,21.5
2024-01-24 00:00:00,26010,2,Depot,02:37:48,54.8,93.2,0.1,0,2.75,0,183.2
2024-01-24 00:00:00,26011,1,Depot,06:20:57,93.6,93.6,0,0,15.1,9.45,2.099999999999994
2024-01-24 00:00:00,26011,2,Depot,00:39:12,51.6,72,0,0,0.8,0,69.2
2024-01-24 00:00:00,26011,3,Depot,09:02:47,72,92.8,0.05,0,10,0,86.8
2024-01-24 00:00:00,26013,1,Depot,05:48:47,93.6,93.6,0.1,0,6.65,0,3.699999999999989
2024-01-24 00:00:00,26013,2,Depot,08:59:45,49.2,93.6,0.1,0,9.45,0,214.8
2024-01-24 00:00:00,26014,1,Depot,02:05:38,93.6,93.6,0,0,3.4,0,2
2024-01-24 00:00:00,26016,1,Depot,03:04:56,60.8,93.6,0.05,0,3.4,0,159.4
2024-01-24 00:00:00,26016,2,Depot,00:04:01,93.6,93.6,0,0,0.05000000000000027,0,0.5
2024-01-24 00:00:00,26017,1,Depot,07:13:12,94,93.6,0.05,0,8.05,0,3
2024-01-24 00:00:00,26017,2,Depot,01:59:37,69.2,93.6,0,0,3.65,8.55,118.3
2024-01-24 00:00:00,26017,3,Depot,03:38:06,73.2,93.6,0,0,4,0,100.9
2024-01-25 00:00:00,26005,1,Depot,11:25:29,93.6,93.6,0,0,12.05,0,4.400000000000006
2024-01-25 00:00:00,26006,1,Depot,06:54:08,94,93.6,1.05,0,7.050000000000001,0,2
2024-01-25 00:00:00,26006,2,Depot,09:19:53,61.2,93.6,1.2,0,9.1,0,158.1
2024-01-25 00:00:00,26008,1,Depot,09:30:54,94,94,0.05,0,9.950000000000001,0,4.900000000000006
2024-01-25 00:00:00,26008,2,Depot,00:22:06,83.2,89.2,0,0,0.55,0,28.4
2024-01-25 00:00:00,26008,3,Depot,04:17:18,70.8,93.6,0,0,4.4,0,114.7
2024-01-25 00:00:00,26009,1,Depot,12:17:45,93.6,93.6,0.05,0,18.1,0,17.5
2024-01-25 00:00:00,26009,2,Depot,00:47:14,93.6,93.6,0,0,1.100000000000001,0,1.099999999999994
2024-01-25 00:00:00,26009,3,Depot,04:44:27,60.8,93.6,0,0,6.95,0,129
2024-01-25 00:00:00,26010,1,Depot,05:46:46,93.2,93.6,0.2,0,5.899999999999999,0,2
2024-01-25 00:00:00,26010,2,Depot,05:23:40,87.2,93.6,0.1,0,8.7,3.95,29.5
2024-01-25 00:00:00,26010,3,Depot,02:38:49,66,93.6,0.05,0,2.65,0,133.9
2024-01-25 00:00:00,26011,1,Depot,06:09:53,92.8,93.6,0,0,6.700000000000001,0,2
2024-01-25 00:00:00,26011,2,Depot,00:55:16,64.8,86.4,0,0,1.35,3.85,105.3
2024-01-25 00:00:00,26011,3,Depot,04:42:27,66.8,93.6,0,0,5.25,0,127.3
2024-01-25 00:00:00,26013,1,Depot,06:05:52,93.6,93.6,0.1,0,6.699999999999999,1.45,2.699999999999989
2024-01-25 00:00:00,26013,2,Depot,00:07:02,62.8,66,0,0,0.15,0,14.5
2024-01-25 00:00:00,26013,3,Depot,00:50:16,66,80,0,0,0.9,0,68.4
2024-01-25 00:00:00,26013,4,Depot,01:54:35,70,92.8,0.05,0,2.05,0,110.1
2024-01-25 00:00:00,26016,1,Depot,02:56:54,63.6,93.6,0,0,3.15,0,146.4
2024-01-25 00:00:00,26016,2,Depot,02:50:51,57.2,94,0,0,2.85,0,174.4
2024-01-25 00:00:00,26017,1,Depot,07:19:15,93.6,94,0.05,0,7.65,0,2.300000000000011
2024-01-25 00:00:00,26017,2,Depot,02:41:49,72,93.2,0,0,4.9,7.25,104.4
2024-01-25 00:00:00,26017,3,Depot,04:32:24,75.2,93.6,0,0,4.4,0,91.8
2024-01-26 00:00:00,26003,1,Depot,03:20:02,40,88.8,0,0,3.65,0,207.6
2024-01-26 00:00:00,26005,1,Depot,05:06:33,44,93.6,0,0,5.7,1.4,212.8
2024-01-26 00:00:00,26006,1,Depot,06:37:02,93.6,93.2,0.8999999999999999,0,6.6,0,0.9000000000000057
2024-01-26 00:00:00,26006,2,Depot,05:20:39,58.4,92.4,0.7,0,5.350000000000001,0,157.2
2024-01-26 00:00:00,26006,3,Depot,00:11:03,92.4,92.8,0.05,0,0.25,0,0.9
2024-01-26 00:00:00,26008,1,Depot,09:57:02,93.6,94,0.1,0,10.4,0,4.599999999999994
2024-01-26 00:00:00,26008,2,Depot,06:48:04,82.8,93.6,0.05,0,8.549999999999999,4.15,50.4
2024-01-26 00:00:00,26009,1,Depot,13:15:02,93.6,93.6,0.05,0,19.4,0,9.299999999999983
2024-01-26 00:00:00,26009,2,Depot,02:06:40,51.2,92.8,0,0,3.7,0,159
2024-01-26 00:00:00,26010,1,Depot,05:52:47,93.6,93.6,0.25,0,6.100000000000001,0,2.599999999999994
2024-01-26 00:00:00,26010,2,Depot,00:39:12,87.6,93.2,0,0,1.1,2.35,27.9
2024-01-26 00:00:00,26010,3,Depot,03:51:11,88,93.6,0.1,0,3.95,0,29.9
2024-01-26 00:00:00,26010,4,Depot,00:56:18,61.6,85.2,0,0,1.15,0,112.2
2024-01-26 00:00:00,26011,1,Depot,06:11:53,93.6,93.6,0.05,0,7.100000000000001,0,1.900000000000006
2024-01-26 00:00:00,26011,2,Depot,00:38:12,61.6,76.8,0,0,0.8,0,71.1
2024-01-26 00:00:00,26011,3,Depot,02:16:42,52.8,92.4,0,0,2.7,0,190.3
2024-01-26 00:00:00,26013,1,Depot,06:00:50,92.8,93.6,0.05,0,6.800000000000001,0,2.800000000000011
2024-01-26 00:00:00,26013,2,Depot,01:38:30,60.4,93.2,0,0,1.7,0,157
2024-01-26 00:00:00,26013,3,Depot,00:55:17,83.6,93.6,0,0,0.8999999999999999,0,49.7
2024-01-26 00:00:00,26014,1,Depot,02:56:54,44,89.6,0,0,4.8,0,175.9
2024-01-26 00:00:00,26016,1,Depot,02:50:52,68.8,93.6,0,0,3.65,0,121.5
2024-01-26 00:00:00,26016,2,Depot,02:50:52,52.4,93.6,0,0,3.05,0,197.7
2024-01-26 00:00:00,26017,1,Depot,07:37:20,93.6,94,0.05,0,7.8,0,2.299999999999997
2024-01-26 00:00:00,26017,2,Depot,00:39:12,69.2,83.2,0,0,1,3.75,68.6
2024-01-26 00:00:00,26017,3,Depot,01:53:35,62.8,94,0,0,2.35,0,150.3
2024-01-27 00:00:00,26016,1,Depot,03:59:13,51.2,93.2,0.05,0,7.85,5.45,185.5
2024-01-28 00:00:00,26010,1,Depot,03:46:09,44.4,93.6,0.25,0,4.75,0,218.5
2024-01-28 00:00:00,26010,2,Depot,03:00:55,79.6,93.6,0.1,0,3.2,0,68
2024-01-28 00:00:00,26011,1,Depot,07:06:11,40,93.6,0,0,7.95,0,250
2024-01-28 00:00:00,26013,1,Depot,03:46:09,48.8,93.6,0.05,0,4.600000000000001,0,199.9
2024-01-28 00:00:00,26016,1,Depot,15:40:47,37.2,93.6,0.05,0,27.8,11.4,244
2024-01-29 00:00:00,26003,1,Depot,00:46:15,52.4,73.2,0.05,0,0.9,0,90.5
2024-01-29 00:00:00,26003,2,Depot,03:31:05,45.6,93.6,0.05,0,4.1,0,203.8
2024-01-29 00:00:00,26005,1,Depot,03:22:02,50.4,92.4,0,0,4.65,4.25,203.1
2024-01-29 00:00:00,26006,1,Depot,03:00:57,52,93.2,0.55,0,3.1,0,196.6
2024-01-29 00:00:00,26008,1,Depot,03:53:11,51.2,93.6,0.05,0,5.75,0,184.8
2024-01-29 00:00:00,26008,2,Depot,03:35:06,57.6,93.6,0.05,0,4.95,0,174.3
2024-01-29 00:00:00,26009,1,Depot,00:53:17,39.6,60.8,0,0,1.55,0,76.39999999999999
2024-01-29 00:00:00,26009,2,Depot,02:38:48,61.2,93.6,0,0,4.3,0,153.3
2024-01-29 00:00:00,26010,1,Depot,00:50:16,65.6,86,0.05,0,0.9,0,96.69999999999999
2024-01-29 00:00:00,26010,2,Depot,03:52:10,58,93.6,0.15,0,4,0,168.8
2024-01-29 00:00:00,26011,1,Depot,05:41:45,93.6,94,0.05,0,6.15,0,2.299999999999983
2024-01-29 00:00:00,26011,2,Depot,01:07:21,62.4,88.8,0,0,1.45,1.65,127.5
2024-01-29 00:00:00,26011,3,Depot,01:58:37,62.4,93.6,0.05,0,2.2,0,149.8
2024-01-29 00:00:00,26013,1,Depot,00:43:13,52.8,67.2,0,0,0.85,0,64.7
2024-01-29 00:00:00,26013,2,Depot,01:42:32,42.4,87.6,0,0,2.1,0,209.4
2024-01-29 00:00:00,26013,3,Depot,00:04:01,88,89.2,0,0,0.1,0,6.100000000000001
2024-01-29 00:00:00,26014,1,Depot,01:01:19,26,48,0,0,2.5,0,80
2024-01-29 00:00:00,26014,2,Depot,06:22:57,48.8,93.6,0,0,10.3,0,149.9
2024-01-29 00:00:00,26016,1,Depot,05:48:47,93.6,93.6,0,0,10.2,3.699999999999999,4.099999999999994
2024-01-29 00:00:00,26016,2,Depot,01:48:34,38.4,75.2,0.05,0,2.45,7,168.1
2024-01-29 00:00:00,26016,3,Depot,00:18:39,75.6,83.2,0,0,0.55,2.65,34.90000000000001
2024-01-29 00:00:00,26017,1,Depot,00:57:17,66,88,0,0,1.35,0.65,106.3
2024-01-29 00:00:00,26017,2,Depot,03:32:05,58,93.2,0,0,3.8,0,170.6
2024-01-30 00:00:00,26003,1,Depot,00:50:15,51.2,73.6,0,0,1.5,5.3,96.3
2024-01-30 00:00:00,26003,2,Depot,04:36:24,47.6,93.6,0,0,6.2,14.65,196.3
2024-01-30 00:00:00,26005,1,Depot,02:02:38,48.4,92,0,0,2.7,1.45,205.5
2024-01-30 00:00:00,26005,2,Depot,02:38:49,76,92.8,0,0,4.9,12.7,76.9
2024-01-30 00:00:00,26005,3,Depot,01:58:35,92.8,94,0.05,0,2.1,0,1.400000000000006
2024-01-30 00:00:00,26006,1,Depot,08:40:41,46.4,93.6,1.4,0,10.05,1.35,222.7
2024-01-30 00:00:00,26008,1,Depot,04:46:28,56.8,93.6,0.05,0,7.7,19.2,180.5
2024-01-30 00:00:00,26009,1,Depot,01:02:19,50.4,72.8,0,0,1.9,0,105.1
2024-01-30 00:00:00,26009,2,Depot,04:47:28,46.8,93.6,0,0,9.15,24.15,180.1
2024-01-30 00:00:00,26010,1,Depot,04:22:21,88.4,93.6,0.2,0,4.75,0,24.1
2024-01-30 00:00:00,26010,2,Depot,05:04:33,54.4,93.6,0.25,0,6.6,18.75,186.2
2024-01-30 00:00:00,26011,1,Depot,01:23:26,60,89.6,0,0,1.6,0,144.1
2024-01-30 00:00:00,26011,2,Depot,04:53:29,66,93.6,0,0,5.45,0,121.4
2024-01-30 00:00:00,26013,1,Depot,04:47:28,47.2,94,0.05,0,5.15,0,219
2024-01-30 00:00:00,26014,1,Depot,07:08:11,93.6,93.6,0,0,11.15,0,3.300000000000011
2024-01-30 00:00:00,26014,2,Depot,04:46:28,59.2,93.6,0,0,8.2,16.3,129.8
2024-01-30 00:00:00,26016,1,Depot,00:29:09,76.8,86,0,0,0.55,0,48.09999999999999
2024-01-30 00:00:00,26016,2,Depot,02:28:45,53.2,93.6,0,0,3,0,194.2
2024-01-30 00:00:00,26017,1,Depot,00:56:18,68.4,89.2,0,0,1.05,0,99.89999999999999
2024-01-30 00:00:00,26017,2,Depot,04:35:25,62,93.6,0,0,6.8,12.95,150.9
2024-01-31 00:00:00,26003,1,Depot,05:09:34,93.6,93.6,0.05,0,5.550000000000001,0,2.600000000000023
2024-01-31 00:00:00,26003,2,Depot,00:11:03,93.6,93.6,0,0,0.2000000000000011,0,1.299999999999983
2024-01-31 00:00:00,26003,3,Depot,01:08:21,54.8,81.2,0,0,1.55,0,119.4
2024-01-31 00:00:00,26003,4,Depot,00:09:03,84.8,83.2,0,0,0.2,0.4,7.1
2024-01-31 00:00:00,26003,5,Depot,04:46:28,57.6,93.6,0,0,6.5,12,155.8
2024-01-31 00:00:00,26005,1,Depot,06:33:01,94,93.6,0,0,7.75,0.05000000000000071,2.700000000000003
2024-01-31 00:00:00,26005,2,Depot,05:19:39,54.4,93.6,0,0,5.9,0,193.2
2024-01-31 00:00:00,26005,3,Depot,01:34:29,94,93.6,0.05,0,1.7,0,2.7
2024-01-31 00:00:00,26006,1,Depot,06:36:02,93.6,93.6,1.05,0,7.799999999999999,0.6499999999999999,3.400000000000006
2024-01-31 00:00:00,26006,2,Depot,06:11:55,49.6,93.6,0.8,0,12.85,16.45,209.2
2024-01-31 00:00:00,26008,1,Depot,11:00:21,93.6,93.6,0.05,0,11.9,0,3.700000000000017
2024-01-31 00:00:00,26008,2,Depot,04:37:28,61.6,93.6,0,0,9.3,14.55,120.4
2024-01-31 00:00:00,26009,1,Depot,06:31:00,93.6,94,0.05,0,10.35,0,4.800000000000011
2024-01-31 00:00:00,26009,2,Depot,02:31:47,50,93.6,0,0,4.100000000000001,0,202.4
2024-01-31 00:00:00,26009,3,Depot,02:17:42,75.2,93.6,0,0,4.1,7.2,74.4
2024-01-31 00:00:00,26010,1,Depot,11:39:34,93.6,94,0.55,0,12.15,0,2.599999999999994
2024-01-31 00:00:00,26010,2,Depot,00:56:18,55.2,78.4,0.05,0,1.7,5.95,109.1
2024-01-31 00:00:00,26010,3,Depot,01:40:31,78.8,92.8,0.05,0,3,3.95,70.7
2024-01-31 00:00:00,26011,1,Depot,06:27:59,93.6,93.6,0.05,0,7.35,0.05,3.700000000000003
2024-01-31 00:00:00,26011,2,Depot,01:27:27,62.8,92,0.05,0,2.35,6,140.7
2024-01-31 00:00:00,26011,3,Depot,01:46:34,65.6,92.8,0.05,0,2.05,1.7,133.3
2024-01-31 00:00:00,26013,1,Depot,05:54:49,45.6,93.6,0.05,0,6.45,0,230.4
2024-01-31 00:00:00,26014,1,Depot,05:36:43,93.6,93.6,0,0,8.750000000000002,0,3.299999999999983
2024-01-31 00:00:00,26014,2,Depot,06:49:05,83.2,93.6,0,0,10.8,0,46.1
2024-01-31 00:00:00,26014,3,Depot,02:21:44,93.6,93.6,0,0,3.65,0,2.2
2024-01-31 00:00:00,26016,1,Depot,03:20:02,60.4,93.6,0.05,0,4.4,0.8,162.6
2024-01-31 00:00:00,26016,2,Depot,03:30:05,53.2,93.6,0.05,0,3.95,0,195.9
2024-01-31 00:00:00,26017,1,Depot,07:20:14,93.6,93.6,0.05,0,8,0,2.400000000000006
2024-01-31 00:00:00,26017,2,Depot,00:49:16,69.2,87.6,0,0,0.85,0,90.39999999999999
2024-01-31 00:00:00,26017,3,Depot,02:15:41,58.8,94,0,0,2.4,0,168
